CO_MUNICIPIO_GESTOR,QTLeitosSUS,QT_NaoSUS,QTLeitosExist,DVLeitos,EXTLeitosPediatrico,QTProfissionais,QTUnidades,QTCNES,DVtpunidade,DVcotpunidade,DVcotpestab,QTHospitais,QTClinicas,QTLaboratorios,QTConsultorios,QTUnidadesBasicas,Municipio,Mesoregiao,RegionaldeSaude,DensidadeDemografica_2010_,PopulacaoEstimada_2021_,IdadeMediaPop,PopRelPediatrica,PopRelIdoso,IDHM_2010_,PIBPerCapita_2020_,PacientesEnv,PacientesRec
220117,0.0,0.0,0.0,0.0,0.0,25.0,3.0,3.0,3.0,1.0,3.0,0.0,0.0,1.0,0.0,1.0,Barra D'Alcântara,Centro Norte Piauiense,Vale Do Sambito,14.63,3953,35.21,26.66,13.57,577,10170.31,17.0,0.0
220975,0.0,0.0,0.0,0.0,0.0,28.0,3.0,3.0,2.0,1.0,2.0,0.0,0.0,0.0,0.0,2.0,São Gonçalo do Gurguéia,Sudoeste Piauiense,Chapada Das Mangabeiras,2.04,3071,31.3,31.96,9.31,560,17604.18,7.5,0.0
220130,0.0,0.0,0.0,0.0,0.0,31.0,4.0,4.0,3.0,1.0,2.0,0.0,0.0,0.0,0.0,3.0,Barreiras do Piauí,Sudoeste Piauiense,Chapada Das Mangabeiras,1.59,3356,32.13,31.36,10.36,557,37497.16,8.5,0.0
220192,0.0,0.0,0.0,0.0,0.0,39.0,4.0,4.0,3.0,1.0,3.0,0.0,0.0,1.0,0.0,2.0,Bonfim do Piauí,Sudoeste Piauiense,Serra Da Capivara,18.65,5700,33.79,27.18,11.72,542,8610.57,31.5,0.0
220273,0.0,0.0,0.0,0.0,0.0,31.0,4.0,4.0,4.0,1.0,3.0,0.0,0.0,1.0,0.0,2.0,Coivaras,Centro Norte Piauiense,Entre Rios,7.85,4044,34.25,27.07,12.57,565,9645.55,20.5,0.0
220342,0.0,0.0,0.0,0.0,0.0,27.0,4.0,4.0,4.0,1.0,4.0,0.0,0.0,1.0,0.0,2.0,Domingos Mourão,Centro Norte Piauiense,Cocais,5.04,4352,32.5,31.19,11.93,550,9576.01,10.0,0.0
220415,0.0,0.0,0.0,0.0,0.0,24.0,4.0,4.0,4.0,1.0,3.0,0.0,0.0,1.0,0.0,2.0,Francisco Macedo,Sudeste Piauiense,Vale Do Rio Guaribas,18.54,3216,34.41,25.32,11.5,553,10864.74,7.0,0.0
220785,0.0,0.0,0.0,0.0,0.0,28.0,4.0,4.0,3.0,1.0,3.0,0.0,0.0,1.0,0.0,2.0,Pavussu,Sudoeste Piauiense,Vale Dos Rios Piauì E Itaueiras,3.36,3662,35.0,26.32,12.48,526,9690.34,13.0,0.0
221038,0.0,0.0,0.0,0.0,0.0,25.0,4.0,4.0,3.0,1.0,3.0,0.0,0.0,0.0,0.0,3.0,São Miguel da Baixa Grande,Centro Norte Piauiense,Vale Do Sambito,5.49,2456,36.63,24.79,15.5,563,10330.77,6.0,0.0
220080,0.0,0.0,0.0,0.0,0.0,36.0,5.0,5.0,4.0,1.0,4.0,0.0,0.0,1.0,0.0,2.0,Antônio Almeida,Sudoeste Piauiense,Tabuleiros Do Alto Parnaìba,4.71,3175,34.42,26.62,11.73,620,41997.77,16.0,0.0
220157,0.0,0.0,0.0,0.0,0.0,26.0,5.0,5.0,4.0,1.0,3.0,0.0,1.0,0.0,0.0,3.0,Belém do Piauí,Sudeste Piauiense,Vale Do Rio Guaribas,13.5,3607,34.78,25.21,11.98,551,11097.62,12.5,0.0
220177,0.0,0.0,0.0,0.0,0.0,46.0,5.0,5.0,3.0,1.0,3.0,0.0,0.0,1.0,0.0,3.0,Boa Hora,Norte Piauiense,Carnaubais,18.65,6848,31.65,30.91,10.36,575,9327.21,28.5,0.0
220272,0.0,0.0,0.0,0.0,0.0,52.5,5.0,5.0,4.0,1.0,3.0,0.0,0.0,0.0,0.0,3.0,Cocal dos Alves,Norte Piauiense,Planície Litorânea,15.58,6180,32.58,28.75,9.87,498,8828.28,23.5,0.0
220325,0.0,0.0,0.0,0.0,0.0,31.0,5.0,5.0,4.0,1.0,4.0,0.0,0.0,1.0,0.0,2.0,Curralinhos,Centro Norte Piauiense,Entre Rios,12.09,4475,32.66,29.84,11.15,555,7820.74,20.5,0.0
220558,0.0,0.0,0.0,0.0,0.0,28.0,5.0,5.0,4.0,1.0,3.0,0.0,0.0,1.0,0.0,3.0,Lagoa do Piauí,Centro Norte Piauiense,Entre Rios,9.05,4086,33.48,27.24,10.87,583,16365.94,17.0,0.0
220630,0.0,0.0,0.0,0.0,0.0,14.0,5.0,5.0,5.0,1.0,5.0,0.0,0.0,1.0,0.0,1.0,Miguel Leão,Centro Norte Piauiense,Entre Rios,13.4,1239,32.64,30.09,10.86,623,17413.14,6.5,0.0
220775,0.0,0.0,0.0,0.0,0.0,37.0,5.0,5.0,4.0,1.0,4.0,0.0,1.0,1.0,0.0,2.0,Passagem Franca do Piauí,Centro Norte Piauiense,Entre Rios,5.35,4331,32.45,28.86,10.61,561,9598.89,13.0,0.0
220955,0.0,0.0,0.0,0.0,0.0,31.0,5.0,5.0,3.0,1.0,3.0,0.0,0.0,1.0,0.0,3.0,São Braz do Piauí,Sudoeste Piauiense,Serra Da Capivara,6.57,4454,34.87,25.67,12.78,596,9053.61,30.0,0.0
221095,0.0,0.0,0.0,0.0,0.0,18.0,5.0,5.0,5.0,1.0,5.0,0.0,0.0,1.0,0.0,1.0,Tamboril do Piauí,Sudoeste Piauiense,Vale Dos Rios Piauì E Itaueiras,1.73,2939,32.41,29.57,10.15,501,10218.68,9.0,0.0
221135,0.0,0.0,0.0,0.0,0.0,39.0,5.0,5.0,4.0,1.0,4.0,0.0,0.0,1.0,0.0,3.0,Várzea Branca,Sudoeste Piauiense,Serra Da Capivara,10.9,4930,31.95,30.44,9.63,553,9398.92,30.5,0.0
220155,0.0,0.0,0.0,0.0,0.0,35.0,6.0,6.0,5.0,1.0,5.0,0.0,1.0,1.0,0.0,2.0,Bela Vista do Piauí,Sudeste Piauiense,Vale Do Canindè,7.57,4044,32.94,28.21,10.07,576,10949.65,14.0,0.0
220198,0.0,0.0,0.0,0.0,0.0,27.5,6.0,6.0,5.0,1.0,5.0,0.0,0.0,1.0,0.0,2.0,Brejo do Piauí,Sudoeste Piauiense,Vale Dos Rios Piauì E Itaueiras,1.76,3824,33.48,28.94,11.59,515,10111.06,9.5,0.0
220245,0.0,0.0,0.0,0.0,0.0,31.0,6.0,6.0,5.0,1.0,5.0,0.0,0.0,1.0,0.0,3.0,Capitão Gervásio Oliveira,Sudeste Piauiense,Serra Da Capivara,3.42,4127,33.36,28.41,11.6,553,9485.14,12.5,0.0
220285,0.0,0.0,0.0,0.0,0.0,23.0,6.0,6.0,5.0,1.0,5.0,0.0,1.0,0.0,0.0,3.0,Coronel José Dias,Sudoeste Piauiense,Serra Da Capivara,2.37,4688,34.92,25.77,13.34,546,9406.99,30.5,0.0
220327,0.0,0.0,0.0,0.0,0.0,40.0,6.0,6.0,4.0,1.0,4.0,0.0,0.0,1.0,0.0,3.0,Curral Novo do Piauí,Sudeste Piauiense,Vale Do Rio Guaribas,6.47,5390,29.67,33.94,8.04,527,12172.27,27.5,0.0
220385,0.0,0.0,0.0,0.0,0.0,16.5,6.0,6.0,4.0,1.0,5.0,0.0,0.0,1.0,0.0,3.0,Floresta do Piauí,Sudeste Piauiense,Vale Do Canindè,12.75,2561,36.56,24.61,14.3,538,9532.49,9.0,0.0
220455,0.0,0.0,0.0,0.0,0.0,29.0,6.0,6.0,4.0,1.0,5.0,0.0,0.0,2.0,0.0,3.0,Guaribas,Sudoeste Piauiense,Serra Da Capivara,1.41,4573,28.47,34.52,6.8,508,9296.46,29.0,0.0
220551,0.0,0.0,0.0,0.0,0.0,39.0,6.0,6.0,5.0,1.0,5.0,0.0,0.0,1.0,0.0,3.0,Juazeiro do Piauí,Centro Norte Piauiense,Carnaubais,5.75,5491,32.68,29.95,11.17,570,11055.7,17.5,0.0
220665,0.0,0.0,0.0,0.0,0.0,27.0,6.0,6.0,4.0,1.0,4.0,0.0,0.0,1.0,0.0,4.0,Morro Cabeça no Tempo,Sudoeste Piauiense,Chapada Das Mangabeiras,1.92,4527,30.96,32.82,9.77,542,7749.96,16.0,0.0
220675,0.0,0.0,0.0,0.0,0.0,29.0,6.0,6.0,4.0,1.0,5.0,0.0,0.0,1.0,0.0,4.0,Nossa Senhora de Nazaré,Centro Norte Piauiense,Carnaubais,12.79,4911,36.87,23.56,15.6,586,8695.81,27.5,0.0
220795,0.0,0.0,0.0,0.0,0.0,37.0,6.0,6.0,5.0,1.0,5.0,0.0,1.0,1.0,0.0,2.0,Nova Santa Rita,Sudeste Piauiense,Vale Dos Rios Piauì E Itaueiras,4.6,4392,31.81,30.93,9.46,554,10047.32,19.5,0.0
220887,0.0,0.0,0.0,0.0,0.0,50.5,6.0,6.0,4.0,1.0,2.0,0.0,0.0,1.0,0.0,4.0,Ribeira do Piauí,Sudeste Piauiense,Vale Dos Rios Piauì E Itaueiras,4.25,4499,32.72,29.39,10.34,520,41373.16,11.5,0.0
220915,0.0,0.0,0.0,0.0,0.0,34.0,6.0,6.0,5.0,1.0,5.0,0.0,0.0,1.0,0.0,3.0,Santa Cruz dos Milagres,Centro Norte Piauiense,Vale Do Sambito,3.87,4046,34.02,27.92,12.09,577,10275.43,11.5,0.0
221039,0.0,0.0,0.0,0.0,0.0,25.0,6.0,6.0,4.0,1.0,3.0,0.0,0.0,2.0,0.0,3.0,São Miguel do Fidalgo,Sudoeste Piauiense,Vale Dos Rios Piauì E Itaueiras,3.66,3037,32.05,32.46,11.25,535,9378.91,13.5,0.0
221150,0.0,0.0,0.0,0.0,0.0,35.0,6.0,6.0,4.0,1.0,4.0,0.0,0.0,1.0,0.0,3.0,Vera Mendes,Sudeste Piauiense,Vale Do Rio Guaribas,8.73,3082,35.58,26.25,13.05,503,9707.5,13.0,0.0
220005,0.0,0.0,0.0,0.0,0.0,53.0,7.0,7.0,4.0,1.0,4.0,0.0,0.0,1.0,0.0,3.0,Acauã,Sudeste Piauiense,Vale Do Rio Guaribas,5.27,7119,33.16,28.22,10.72,528,8819.73,34.5,0.0
220027,0.0,0.0,0.0,0.0,0.0,39.5,7.0,7.0,5.0,1.0,5.0,0.0,0.0,1.0,0.0,4.0,Alegrete do Piauí,Sudeste Piauiense,Vale Do Rio Guaribas,18.23,4921,34.28,26.31,11.96,585,11207.05,17.0,0.0
220173,0.0,0.0,0.0,0.0,0.0,53.5,7.0,7.0,5.0,1.0,3.0,0.0,0.0,1.0,0.0,3.0,Betânia do Piauí,Sudeste Piauiense,Vale Do Rio Guaribas,10.65,6214,31.12,31.9,9.52,489,9205.41,31.0,0.0
220194,0.0,0.0,0.0,0.0,0.0,37.0,7.0,7.0,4.0,1.0,3.0,0.0,0.0,1.0,0.0,5.0,Boqueirão do Piauí,Centro Norte Piauiense,Carnaubais,22.25,6443,34.63,27.58,13.87,560,8038.99,29.0,0.0
220209,0.0,0.0,0.0,0.0,0.0,47.0,7.0,7.0,3.0,1.0,4.0,0.0,0.0,1.0,0.0,5.0,Caldeirão Grande do Piauí,Sudeste Piauiense,Vale Do Rio Guaribas,11.46,5786,33.16,29.66,11.81,588,29732.7,22.5,0.0
220271,0.0,0.0,0.0,0.0,0.0,26.0,7.0,7.0,4.0,1.0,4.0,0.0,0.0,1.0,0.0,4.0,Cocal de Telha,Centro Norte Piauiense,Carnaubais,16.04,4908,34.8,26.96,12.79,555,9005.05,25.5,0.0
220323,0.0,0.0,0.0,0.0,0.0,34.0,7.0,7.0,5.0,1.0,5.0,0.0,0.0,0.0,0.0,4.0,Currais,Sudoeste Piauiense,Chapada Das Mangabeiras,1.49,4982,31.48,32.19,10.24,542,66303.65,28.0,0.0
220535,0.0,0.0,0.0,0.0,0.0,33.0,7.0,7.0,5.0,1.0,6.0,0.0,0.0,1.0,0.0,3.0,João Costa,Sudeste Piauiense,Serra Da Capivara,1.64,3003,34.05,25.34,11.02,561,21329.08,13.0,0.0
220557,0.0,0.0,0.0,0.0,0.0,53.0,7.0,7.0,5.0,1.0,5.0,0.0,0.0,1.0,0.0,4.0,Lagoa de São Francisco,Centro Norte Piauiense,Cocais,41.26,6795,32.04,31.4,11.27,529,35935.74,24.5,0.0
220755,0.0,0.0,0.0,0.0,0.0,29.0,7.0,7.0,4.0,1.0,4.0,0.0,0.0,1.0,0.0,5.0,Paquetá,Sudeste Piauiense,Vale Do Rio Guaribas,9.25,3931,35.38,26.05,12.5,509,10645.78,10.5,0.0
220793,0.0,0.0,0.0,0.0,0.0,19.0,7.0,7.0,6.0,1.0,6.0,0.0,0.0,1.0,0.0,2.0,Pedro Laurentino,Sudeste Piauiense,Vale Dos Rios Piauì E Itaueiras,2.77,2551,31.88,30.49,8.94,562,10773.67,9.0,0.0
220885,0.0,0.0,0.0,0.0,0.0,26.0,7.0,7.0,6.0,1.0,5.0,0.0,0.0,1.0,0.0,3.0,Riacho Frio,Sudoeste Piauiense,Chapada Das Mangabeiras,1.91,4306,30.63,32.23,8.37,541,10302.28,8.0,0.0
220935,0.0,0.0,0.0,0.0,0.0,28.0,7.0,7.0,5.0,1.0,5.0,0.0,1.0,1.0,0.0,4.0,Santana do Piauí,Sudeste Piauiense,Vale Do Rio Guaribas,34.84,4650,35.72,24.73,13.16,574,8441.59,13.0,0.0
220945,0.0,0.0,0.0,0.0,0.0,16.5,7.0,7.0,4.0,1.0,3.0,0.0,0.0,1.0,0.0,5.0,Santo Antônio dos Milagres,Centro Norte Piauiense,Entre Rios,62.12,2172,31.81,31.52,10.1,619,7728.84,9.5,0.0
220965,0.0,0.0,0.0,0.0,0.0,42.0,7.0,7.0,4.0,1.0,4.0,0.0,0.0,3.0,0.0,3.0,São Francisco de Assis do Piauí,Sudeste Piauiense,Vale Do Canindè,5.06,5801,32.1,30.41,9.66,485,9122.43,17.5,0.0
220985,0.0,0.0,0.0,0.0,0.0,35.0,7.0,7.0,5.0,1.0,5.0,0.0,0.0,1.0,0.0,4.0,São João da Canabrava,Sudeste Piauiense,Vale Do Rio Guaribas,9.26,4619,36.06,26.82,14.75,559,10170.74,18.0,0.0
221037,0.0,0.0,0.0,0.0,0.0,14.0,7.0,7.0,4.0,1.0,3.0,0.0,0.0,1.0,0.0,5.0,São Luis do Piauí,Sudeste Piauiense,Vale Do Rio Guaribas,11.62,2648,34.95,27.65,13.4,554,9391.28,6.5,0.0
220095,0.0,0.0,0.0,0.0,0.0,16.0,8.0,8.0,4.0,1.0,3.0,0.0,0.0,2.0,0.0,5.0,Aroeiras do Itaim,Sudeste Piauiense,Vale Do Rio Guaribas,9.49,2551,37.62,21.93,15.28,519,10072.06,6.5,0.0
220205,0.0,0.0,0.0,0.0,0.0,53.0,8.0,8.0,6.0,1.0,5.0,0.0,1.0,1.0,0.0,4.0,Cabeceiras do Piauí,Norte Piauiense,Carnaubais,16.31,10671,34.4,25.99,12.07,583,7465.54,40.5,0.0
220211,0.0,0.0,0.0,0.0,0.0,36.0,8.0,8.0,5.0,1.0,4.0,0.0,0.0,2.0,0.0,3.0,Campo Alegre do Fidalgo,Sudeste Piauiense,Serra Da Capivara,7.13,5093,31.97,28.94,9.52,537,9345.47,14.0,0.0
220213,0.0,0.0,0.0,0.0,0.0,40.0,8.0,8.0,5.0,1.0,4.0,0.0,1.0,2.0,0.0,4.0,Campo Grande do Piauí,Sudeste Piauiense,Vale Do Rio Guaribas,17.93,5987,33.84,26.15,10.94,560,10597.8,18.0,0.0
220255,0.0,0.0,0.0,0.0,0.0,38.0,8.0,8.0,6.0,1.0,5.0,0.0,0.0,1.0,0.0,4.0,Caridade do Piauí,Sudeste Piauiense,Vale Do Rio Guaribas,9.63,5102,31.64,29.55,10.21,541,9877.66,21.5,0.0
220265,0.0,0.0,0.0,0.0,0.0,38.0,8.0,8.0,5.0,1.0,5.0,0.0,0.0,1.0,0.0,5.0,Caxingó,Norte Piauiense,Planície Litorânea,10.32,5477,30.39,32.21,8.63,488,9220.78,26.5,0.0
220275,0.0,0.0,0.0,0.0,0.0,44.0,8.0,8.0,4.0,1.0,6.0,0.0,0.0,1.0,0.0,5.0,Colônia do Gurguéia,Sudoeste Piauiense,Chapada Das Mangabeiras,14.02,6545,32.71,29.78,11.17,628,9784.95,19.5,0.0
220527,0.0,0.0,0.0,0.0,0.0,25.0,8.0,8.0,4.0,1.0,4.0,0.0,0.0,1.0,0.0,5.0,Jatobá do Piauí,Centro Norte Piauiense,Carnaubais,7.13,4885,36.64,24.27,14.93,566,10570.54,25.5,0.0
220554,0.0,0.0,0.0,0.0,0.0,24.0,8.0,8.0,4.0,1.0,4.0,0.0,0.0,2.0,0.0,5.0,Lagoinha do Piauí,Centro Norte Piauiense,Entre Rios,39.35,2870,34.28,27.93,12.51,597,13026.61,17.0,0.0
220667,0.0,0.0,0.0,0.0,0.0,54.0,8.0,8.0,3.0,1.0,3.0,0.0,0.0,0.0,0.0,6.0,Morro do Chapéu do Piauí,Norte Piauiense,Cocais,19.8,6825,31.4,30.74,9.87,550,8654.41,34.5,0.0
220669,0.0,0.0,0.0,0.0,0.0,61.0,8.0,8.0,4.0,1.0,5.0,0.0,0.0,1.0,0.0,6.0,Murici dos Portelas,Norte Piauiense,Planície Litorânea,17.57,9258,30.52,32.83,9.27,530,7666.11,27.0,0.0
220672,0.0,0.0,0.0,0.0,0.0,60.5,8.0,8.0,5.0,1.0,6.0,0.0,0.0,1.0,0.0,4.0,Nazária,Centro Norte Piauiense,Entre Rios,22.19,8632,33.11,29.36,11.51,602,11166.15,42.5,0.0
220710,0.0,0.0,0.0,0.0,0.0,20.0,8.0,8.0,4.0,1.0,2.0,0.0,0.0,1.0,0.0,6.0,Olho D'Água do Piauí,Centro Norte Piauiense,Entre Rios,11.96,2477,33.51,30.81,12.12,576,10536.77,9.0,0.0
220930,0.0,0.0,0.0,0.0,0.0,37.0,8.0,8.0,3.0,1.0,3.0,0.0,0.0,0.0,0.0,7.0,Santa Luz,Sudoeste Piauiense,Chapada Das Mangabeiras,4.65,5903,32.27,30.17,10.56,588,9592.38,32.0,0.0
221160,0.0,0.0,0.0,0.0,0.0,27.0,8.0,8.0,5.0,1.0,5.0,0.0,0.0,1.0,0.0,5.0,Vila Nova do Piauí,Sudeste Piauiense,Vale Do Rio Guaribas,14.09,2935,36.47,22.6,11.77,565,11939.48,8.0,0.0
220207,0.0,0.0,0.0,0.0,0.0,31.0,9.0,9.0,6.0,1.0,7.0,0.0,0.0,1.0,0.0,5.0,Cajazeiras do Piauí,Sudeste Piauiense,Vale Do Canindè,6.5,3586,33.55,28.18,12.5,562,8489.11,13.0,0.0
220210,0.0,0.0,0.0,0.0,0.0,43.0,9.0,9.0,6.0,1.0,5.0,0.0,0.0,1.0,0.0,5.0,Campinas do Piauí,Sudeste Piauiense,Vale Do Canindè,6.51,5628,34.81,27.72,12.98,544,9334.61,19.0,0.0
220253,0.0,0.0,0.0,0.0,0.0,38.0,9.0,9.0,6.0,1.0,5.0,0.0,0.0,1.0,0.0,5.0,Caraúbas do Piauí,Norte Piauiense,Planície Litorânea,11.72,5910,31.96,30.71,10.41,505,9359.66,22.0,0.0
220340,0.0,0.0,0.0,0.0,0.0,49.0,9.0,9.0,4.0,1.0,4.0,0.0,0.0,1.0,0.0,7.0,Dom Expedito Lopes,Sudeste Piauiense,Vale Do Rio Guaribas,29.99,6940,35.41,24.01,11.44,601,11379.18,22.5,0.0
220345,0.0,0.0,0.0,0.0,0.0,73.0,9.0,9.0,6.0,1.0,4.0,0.0,1.0,1.0,0.0,5.0,Dom Inocêncio,Sudoeste Piauiense,Serra Da Capivara,2.39,9574,34.97,26.2,12.96,549,10043.03,27.0,0.0
220460,0.0,0.0,0.0,0.0,0.0,31.0,9.0,9.0,6.0,1.0,6.0,0.0,0.0,1.0,0.0,5.0,Hugo Napoleão,Centro Norte Piauiense,Entre Rios,16.8,3880,34.72,26.7,12.46,599,8229.71,14.0,0.0
220552,0.0,0.0,0.0,0.0,0.0,44.0,9.0,9.0,7.0,1.0,6.0,0.0,1.0,1.0,0.0,4.0,Júlio Borges,Sudoeste Piauiense,Chapada Das Mangabeiras,4.14,5653,32.44,30.33,11.38,582,13124.27,25.5,0.0
220735,0.0,0.0,0.0,0.0,0.0,22.0,9.0,9.0,4.0,1.0,3.0,0.0,0.0,1.0,0.0,7.0,Pajeú do Piauí,Sudoeste Piauiense,Vale Dos Rios Piauì E Itaueiras,3.12,3416,36.56,26.17,14.56,559,14362.24,7.0,0.0
220777,0.0,0.0,0.0,0.0,0.0,36.0,9.0,9.0,3.0,1.0,3.0,0.0,0.0,1.0,0.0,7.0,Patos do Piauí,Sudeste Piauiense,Vale Do Rio Guaribas,8.12,6420,36.0,25.81,14.24,563,8910.23,16.5,0.0
220779,0.0,0.0,0.0,0.0,0.0,34.0,9.0,9.0,6.0,1.0,6.0,0.0,0.0,1.0,0.0,5.0,Pau D'Arco do Piauí,Centro Norte Piauiense,Entre Rios,8.72,4084,33.69,30.05,12.62,514,7799.23,15.0,0.0
221062,0.0,0.0,0.0,0.0,0.0,33.5,9.0,9.0,5.0,1.0,4.0,0.0,0.0,1.0,0.0,6.0,Sebastião Barros,Sudoeste Piauiense,Chapada Das Mangabeiras,3.98,3434,31.24,32.44,9.62,536,12095.66,6.0,0.0
221063,0.0,0.0,0.0,0.0,0.0,33.0,9.0,9.0,5.0,1.0,5.0,0.0,1.0,1.0,0.0,5.0,Sebastião Leal,Sudoeste Piauiense,Tabuleiros Do Alto Parnaìba,1.31,4311,33.35,28.03,11.1,562,40903.41,18.0,0.0
221093,0.0,0.0,0.0,0.0,0.0,38.0,9.0,9.0,6.0,1.0,7.0,0.0,1.0,2.0,0.0,4.0,Sussuapara,Sudeste Piauiense,Vale Do Rio Guaribas,29.7,6801,36.43,23.43,13.77,586,10800.55,43.0,0.0
221097,0.0,0.0,0.0,0.0,0.0,23.0,9.0,9.0,6.0,1.0,7.0,0.0,1.0,1.0,0.0,5.0,Tanque do Piauí,Sudeste Piauiense,Vale Do Canindè,6.57,2781,34.31,27.48,12.32,579,11869.59,12.5,0.0
220045,0.0,0.0,0.0,0.0,0.0,48.0,10.0,10.0,5.0,1.0,5.0,0.0,0.0,1.0,0.0,5.0,Alvorada do Gurguéia,Sudoeste Piauiense,Chapada Das Mangabeiras,2.37,5469,30.54,32.75,8.99,578,13717.24,20.5,0.0
220105,0.0,0.0,0.0,0.0,0.0,58.0,10.0,10.0,6.0,1.0,4.0,0.0,0.0,1.0,0.0,6.0,Assunção do Piauí,Centro Norte Piauiense,Carnaubais,4.44,7879,30.16,34.84,9.33,499,7026.24,24.0,0.0
220208,0.0,0.0,0.0,0.0,0.0,57.0,10.0,10.0,6.0,1.0,5.0,0.0,0.0,1.0,0.0,4.0,Cajueiro da Praia,Norte Piauiense,Planície Litorânea,26.36,7704,33.06,28.09,11.2,546,12111.96,26.5,0.0
220435,0.0,0.0,0.0,0.0,0.0,33.0,10.0,10.0,4.0,1.0,3.0,0.0,0.0,2.0,0.0,7.0,Geminiano,Sudeste Piauiense,Vale Do Rio Guaribas,11.84,5477,34.03,27.15,11.56,561,10318.12,21.0,0.0
220515,0.0,0.0,0.0,0.0,0.0,67.0,10.0,10.0,7.0,1.0,6.0,0.0,2.0,1.0,0.0,3.0,Jacobina do Piauí,Sudeste Piauiense,Vale Do Rio Guaribas,4.17,5718,34.16,25.18,10.22,535,10244.47,18.5,0.0
220635,0.0,0.0,0.0,0.0,0.0,53.0,10.0,10.0,4.0,1.0,6.0,0.0,0.0,1.0,0.0,7.0,Milton Brandão,Centro Norte Piauiense,Cocais,4.93,6603,32.72,29.81,10.39,508,8248.41,32.5,0.0
220995,0.0,0.0,0.0,0.0,0.0,27.0,10.0,10.0,5.0,1.0,5.0,0.0,0.0,1.0,0.0,7.0,São João da Varjota,Sudeste Piauiense,Vale Do Canindè,11.77,4856,33.2,28.66,11.81,559,7098.86,18.5,0.0
221035,0.0,0.0,0.0,0.0,0.0,38.0,10.0,10.0,5.0,1.0,5.0,0.0,0.0,1.0,0.0,7.0,São Lourenço do Piauí,Sudoeste Piauiense,Serra Da Capivara,6.58,4581,36.83,23.38,14.45,595,8883.89,30.0,0.0
220217,0.0,0.0,0.0,0.0,0.0,42.0,11.0,11.0,6.0,1.0,4.0,0.0,0.0,1.0,0.0,7.0,Campo Largo do Piauí,Norte Piauiense,Cocais,14.24,7342,29.42,34.04,8.36,528,7119.85,28.5,0.0
220465,0.0,0.0,0.0,0.0,0.0,71.5,11.0,11.0,6.0,1.0,5.0,0.0,2.0,1.0,0.0,6.0,Ilha Grande,Norte Piauiense,Planície Litorânea,66.36,9487,32.89,29.59,11.65,563,8467.91,42.0,0.0
220556,0.0,0.0,0.0,0.0,0.0,40.5,11.0,11.0,6.0,1.0,6.0,0.0,0.0,1.0,0.0,7.0,Lagoa do Barro do Piauí,Sudeste Piauiense,Serra Da Capivara,3.58,4658,33.27,27.59,12.02,502,75766.6,19.5,0.0
220605,0.0,0.0,0.0,0.0,0.0,43.0,11.0,11.0,5.0,1.0,4.0,0.0,0.0,1.0,0.0,8.0,Massapê do Piauí,Sudeste Piauiense,Vale Do Rio Guaribas,11.94,6456,34.74,27.28,13.43,525,8209.64,19.0,0.0
220865,0.0,0.0,0.0,0.0,0.0,84.5,11.0,11.0,8.0,1.0,7.0,0.0,1.0,2.0,0.0,3.0,Queimada Nova,Sudeste Piauiense,Vale Do Rio Guaribas,6.32,9041,33.98,26.65,11.71,515,13252.51,32.0,0.0
220525,0.0,0.0,0.0,0.0,0.0,37.0,12.0,12.0,7.0,1.0,7.0,0.0,1.0,1.0,0.0,7.0,Jardim do Mulato,Centro Norte Piauiense,Entre Rios,8.45,4522,34.55,27.06,12.25,593,7711.23,20.0,0.0
220695,0.0,0.0,0.0,0.0,0.0,31.0,12.0,12.0,6.0,1.0,6.0,0.0,0.0,1.0,0.0,7.0,Novo Santo Antônio,Centro Norte Piauiense,Carnaubais,6.77,3014,35.14,26.62,13.04,528,9389.81,15.5,0.0
220997,0.0,0.0,0.0,0.0,0.0,51.0,12.0,12.0,5.0,1.0,4.0,0.0,0.0,1.0,0.0,9.0,São João do Arraial,Norte Piauiense,Cocais,34.38,8085,31.5,31.4,10.46,523,7770.35,46.5,0.0
221005,0.0,0.0,0.0,0.0,0.0,42.5,12.0,12.0,7.0,1.0,7.0,0.0,0.0,1.0,0.0,6.0,São José do Divino,Norte Piauiense,Cocais,16.13,5361,33.02,25.98,9.73,565,10462.58,14.0,0.0
220559,0.0,0.0,0.0,0.0,0.0,31.0,18.0,18.0,5.0,1.0,3.0,0.0,0.0,2.0,0.0,12.0,Lagoa do Sítio,Centro Norte Piauiense,Vale Do Sambito,6.03,5219,34.8,27.28,12.23,541,8801.75,27.5,0.0
220070,0.0,0.0,0.0,2.0,0.0,68.0,7.0,7.0,5.0,1.0,7.0,0.0,0.0,1.0,0.0,2.0,Anísio de Abreu,Sudoeste Piauiense,Serra Da Capivara,26.93,9994,32.32,28.72,10.4,594,9298.27,38.0,0.0
220280,0.0,0.0,0.0,2.0,1.0,34.0,7.0,7.0,6.0,1.0,6.0,0.0,0.0,0.0,0.0,3.0,Conceição do Canindé,Sudeste Piauiense,Vale Do Canindè,5.38,4811,35.12,27.62,13.86,589,12393.67,20.5,0.0
220555,0.0,0.0,0.0,2.0,1.0,43.5,7.0,7.0,5.0,1.0,5.0,0.0,1.0,0.0,0.0,4.0,Lagoa Alegre,Centro Norte Piauiense,Entre Rios,20.29,8610,32.17,30.42,11.58,550,8532.94,35.0,0.0
220937,0.0,0.0,0.0,2.0,1.0,37.0,7.0,7.0,5.0,1.0,5.0,0.0,0.0,1.0,0.0,4.0,Santa Rosa do Piauí,Sudeste Piauiense,Vale Do Canindè,15.14,5254,34.33,27.9,12.32,567,8853.54,20.5,0.0
220980,0.0,0.0,0.0,2.0,1.0,27.0,7.0,7.0,5.0,1.0,5.0,0.0,1.0,0.0,0.0,3.0,São Gonçalo do Piauí,Centro Norte Piauiense,Entre Rios,31.65,5044,33.14,28.9,10.81,616,10104.23,19.5,0.0
220191,0.0,0.0,0.0,2.0,1.0,45.5,8.0,8.0,7.0,1.0,6.0,0.0,0.0,1.0,0.0,3.0,Bom Princípio do Piauí,Norte Piauiense,Planície Litorânea,10.17,5670,32.82,29.06,10.98,532,11027.67,28.0,0.0
220553,0.0,0.0,0.0,2.0,1.0,35.0,8.0,8.0,6.0,1.0,6.0,0.0,0.0,1.0,0.0,3.0,Jurema,Sudoeste Piauiense,Serra Da Capivara,3.55,4790,33.04,27.63,11.41,555,9002.88,27.5,0.0
220335,0.0,0.0,0.0,2.0,1.0,45.0,9.0,9.0,6.0,1.0,5.0,0.0,0.0,2.0,0.0,4.0,Dirceu Arcoverde,Sudoeste Piauiense,Serra Da Capivara,6.56,7046,34.75,26.01,12.86,561,8847.46,43.0,0.0
220560,8.0,0.0,8.0,2.0,0.0,43.0,9.0,9.0,7.0,1.0,7.0,1.0,0.0,1.0,0.0,4.0,Landri Sales,Sudoeste Piauiense,Vale Dos Rios Piauì E Itaueiras,4.85,5272,35.45,27.72,14.06,584,16600.66,19.5,0.0
220680,0.0,0.0,0.0,2.0,1.0,55.0,9.0,9.0,5.0,1.0,5.0,0.0,0.0,0.0,0.0,5.0,Nossa Senhora dos Remédios,Norte Piauiense,Cocais,22.89,8751,30.79,31.84,9.37,533,8561.5,27.0,0.0
221010,0.0,0.0,0.0,2.0,1.0,27.0,9.0,9.0,6.0,1.0,7.0,0.0,0.0,1.0,0.0,5.0,São José do Peixe,Sudoeste Piauiense,Vale Dos Rios Piauì E Itaueiras,2.87,3737,33.98,30.38,12.31,573,10577.53,9.5,0.0
221065,0.0,0.0,0.0,2.0,1.0,61.0,9.0,9.0,6.0,1.0,7.0,0.0,1.0,1.0,0.0,5.0,Sigefredo Pacheco,Centro Norte Piauiense,Carnaubais,9.95,10074,35.0,26.26,12.62,581,7520.14,42.0,0.0
220730,0.0,0.0,0.0,2.0,1.0,37.5,10.0,10.0,8.0,1.0,7.0,0.0,1.0,1.0,1.0,4.0,Paes Landim,Sudeste Piauiense,Vale Dos Rios Piauì E Itaueiras,10.11,4124,33.39,29.0,11.81,575,10482.02,23.0,4.0
220940,0.0,0.0,0.0,2.0,1.0,38.0,11.0,11.0,6.0,1.0,7.0,0.0,1.0,1.0,0.0,6.0,Santo Antônio de Lisboa,Sudeste Piauiense,Vale Do Rio Guaribas,15.51,6466,35.54,25.76,13.09,584,11138.37,17.5,0.0
220690,0.0,0.0,0.0,2.0,1.0,56.0,12.0,12.0,6.0,1.0,5.0,0.0,0.0,1.0,0.0,8.0,Novo Oriente do Piauí,Centro Norte Piauiense,Vale Do Sambito,12.37,6548,36.29,24.98,14.76,562,8112.51,26.5,0.0
221020,0.0,0.0,0.0,2.0,1.0,42.0,12.0,12.0,6.0,1.0,6.0,0.0,0.0,0.0,0.0,8.0,São José do Piauí,Sudeste Piauiense,Vale Do Rio Guaribas,18.06,6696,35.41,26.08,13.57,552,10166.95,23.5,0.0
220010,0.0,0.0,0.0,2.0,1.0,39.0,13.0,13.0,8.0,1.0,9.0,0.0,1.0,1.0,0.0,7.0,Agricolândia,Centro Norte Piauiense,Entre Rios,45.35,5123,36.04,25.95,15.45,599,8453.12,29.0,9.0
220310,0.0,0.0,0.0,2.0,1.0,88.5,15.0,15.0,8.0,1.0,8.0,0.0,1.0,1.0,0.0,9.0,Cristino Castro,Sudoeste Piauiense,Chapada Das Mangabeiras,5.41,10464,31.98,30.09,10.45,566,10948.51,107.0,56.0
220670,0.0,0.0,0.0,2.0,1.0,53.5,15.0,15.0,8.0,1.0,8.0,0.0,0.0,1.0,0.0,9.0,Nazaré do Piauí,Sudoeste Piauiense,Vale Dos Rios Piauì E Itaueiras,5.56,7307,35.34,26.91,14.28,576,8830.34,22.5,0.0
220060,0.0,0.0,0.0,2.0,1.0,55.0,16.0,16.0,7.0,1.0,10.0,0.0,0.0,3.0,0.0,8.0,Angical do Piauí,Centro Norte Piauiense,Entre Rios,29.86,6779,36.88,25.46,15.09,630,9859.8,30.5,0.0
220570,43.0,0.0,43.0,2.0,1.0,171.0,28.0,28.0,11.0,1.0,9.0,1.0,4.0,1.0,0.0,15.0,Luís Correia,Norte Piauiense,Planície Litorânea,26.52,30558,32.26,28.12,9.65,541,11442.15,132.0,20.0
220600,0.0,0.0,0.0,3.0,1.0,30.0,5.0,5.0,4.0,1.0,4.0,0.0,0.0,0.0,0.0,3.0,Marcos Parente,Sudoeste Piauiense,Vale Dos Rios Piauì E Itaueiras,6.58,4546,35.07,26.88,13.2,590,10555.49,16.0,0.0
220987,14.0,0.0,14.0,3.0,1.0,34.0,6.0,6.0,4.0,1.0,4.0,1.0,0.0,1.0,0.0,3.0,São João da Fronteira,Norte Piauiense,Cocais,7.33,6084,31.69,32.46,10.86,515,9475.72,13.0,0.0
221140,0.0,0.0,0.0,3.0,1.0,33.0,6.0,6.0,4.0,1.0,3.0,0.0,0.0,0.0,0.0,3.0,Várzea Grande,Centro Norte Piauiense,Vale Do Sambito,18.29,4382,36.41,25.34,14.37,571,9115.19,16.5,0.0
220950,0.0,0.0,0.0,3.0,1.0,33.0,7.0,7.0,6.0,1.0,6.0,0.0,0.0,1.0,0.0,2.0,Santo Inácio do Piauí,Sudeste Piauiense,Vale Do Canindè,4.28,3809,36.04,24.73,12.61,613,9867.06,17.0,0.0
220990,0.0,0.0,0.0,3.0,1.0,37.0,7.0,7.0,6.0,1.0,5.0,0.0,0.0,1.0,0.0,3.0,São João da Serra,Centro Norte Piauiense,Carnaubais,6.12,6106,36.33,26.06,15.1,582,9737.59,28.5,0.0
220202,0.0,0.0,0.0,3.0,1.0,54.0,8.0,8.0,6.0,1.0,5.0,0.0,1.0,0.0,0.0,4.0,Buriti dos Montes,Centro Norte Piauiense,Carnaubais,3.01,8282,33.34,28.84,11.61,574,8364.81,22.0,0.0
220400,0.0,0.0,0.0,3.0,1.0,40.0,8.0,8.0,4.0,1.0,4.0,0.0,0.0,0.0,0.0,6.0,Francinópolis,Centro Norte Piauiense,Vale Do Sambito,19.48,5345,35.61,26.69,14.44,564,7817.02,17.0,0.0
220585,0.0,0.0,0.0,3.0,1.0,49.0,8.0,8.0,5.0,1.0,6.0,0.0,0.0,0.0,0.0,4.0,Madeiro,Norte Piauiense,Cocais,44.12,8372,30.06,32.02,8.57,563,7725.7,35.5,0.0
220030,0.0,0.0,0.0,3.0,1.0,98.0,9.0,9.0,3.0,1.0,3.0,0.0,0.0,0.0,0.0,7.0,Alto Longá,Centro Norte Piauiense,Entre Rios,7.85,14371,35.86,25.02,13.54,585,8341.81,50.5,19.0
220960,0.0,0.0,0.0,3.0,1.0,22.0,9.0,9.0,6.0,1.0,6.0,0.0,0.0,1.0,0.0,5.0,São Félix do Piauí,Centro Norte Piauiense,Vale Do Sambito,4.67,2923,39.02,22.31,17.89,610,10564.33,11.5,3.5
220025,0.0,0.0,0.0,3.0,1.0,51.0,10.0,10.0,6.0,1.0,5.0,0.0,0.0,1.0,0.0,6.0,Alagoinha do Piauí,Sudeste Piauiense,Vale Do Rio Guaribas,13.77,7678,36.04,23.29,12.69,531,8772.48,30.5,17.5
220090,0.0,0.0,0.0,3.0,1.0,47.0,10.0,10.0,7.0,1.0,6.0,0.0,1.0,1.0,0.0,5.0,Aroazes,Centro Norte Piauiense,Vale Do Sambito,7.03,5819,36.24,25.44,14.67,583,9489.48,31.0,0.0
220196,0.0,0.0,0.0,3.0,1.0,57.0,10.0,10.0,7.0,1.0,7.0,0.0,0.0,1.0,0.0,4.0,Brasileira,Norte Piauiense,Cocais,9.04,8364,34.6,26.04,12.35,577,7817.64,26.0,0.0
220545,0.0,0.0,0.0,3.0,1.0,41.5,10.0,10.0,8.0,1.0,6.0,0.0,0.0,1.0,0.0,3.0,Joca Marques,Norte Piauiense,Cocais,30.64,5488,30.73,29.86,9.0,504,8209.22,30.5,0.0
220115,0.0,0.0,0.0,3.0,1.0,90.0,11.0,11.0,4.0,1.0,4.0,0.0,1.0,0.0,0.0,8.0,Baixa Grande do Ribeiro,Sudoeste Piauiense,Tabuleiros Do Alto Parnaìba,1.35,11751,28.32,34.93,6.34,564,105367.32,29.5,0.0
220890,0.0,0.0,0.0,3.0,1.0,55.0,11.0,11.0,6.0,1.0,7.0,0.0,0.0,1.0,0.0,6.0,Ribeiro Gonçalves,Sudoeste Piauiense,Tabuleiros Do Alto Parnaìba,1.72,7408,30.53,32.05,8.76,601,62510.95,27.5,19.0
220740,0.0,0.0,0.0,3.0,1.0,31.0,12.0,12.0,7.0,1.0,6.0,0.0,0.0,1.0,0.0,7.0,Palmeira do Piauí,Sudoeste Piauiense,Chapada Das Mangabeiras,2.47,5029,32.08,30.62,10.26,557,25623.29,24.0,0.0
220420,0.0,0.0,0.0,3.0,1.0,52.0,13.0,13.0,5.0,1.0,4.0,0.0,0.0,3.0,0.0,5.0,Francisco Santos,Sudeste Piauiense,Vale Do Rio Guaribas,17.47,9423,34.78,25.04,11.47,608,8856.99,26.0,0.0
220850,17.0,0.0,17.0,3.0,1.0,75.5,13.0,13.0,6.0,1.0,6.0,1.0,0.0,0.0,0.0,7.0,Porto,Norte Piauiense,Cocais,47.08,12646,29.53,34.46,8.81,549,8081.11,63.0,23.0
220240,0.0,0.0,0.0,3.0,1.0,70.0,14.0,14.0,7.0,1.0,7.0,0.0,1.0,1.0,0.0,9.0,Capitão de Campos,Centro Norte Piauiense,Cocais,18.5,11471,33.73,27.71,11.74,583,8596.85,36.5,0.0
220250,0.0,0.0,0.0,3.0,1.0,69.5,14.0,14.0,9.0,1.0,10.0,0.0,1.0,2.0,0.0,7.0,Caracol,Sudoeste Piauiense,Serra Da Capivara,6.34,11009,31.25,30.37,9.44,552,9389.49,47.5,0.0
220900,0.0,0.0,0.0,3.0,1.0,44.0,14.0,14.0,9.0,1.0,9.0,0.0,1.0,2.0,0.0,5.0,Rio Grande do Piauí,Sudoeste Piauiense,Vale Dos Rios Piauì E Itaueiras,9.86,6434,35.33,26.43,13.71,572,8894.18,12.5,0.0
220180,0.0,0.0,0.0,3.0,1.0,29.0,15.0,15.0,7.0,1.0,7.0,0.0,0.0,1.0,0.0,8.0,Bocaina,Sudeste Piauiense,Vale Do Rio Guaribas,16.27,4509,38.66,22.03,16.84,632,11796.18,18.5,30.0
220440,0.0,0.0,0.0,3.0,1.0,60.0,15.0,15.0,7.0,1.0,7.0,0.0,0.0,0.0,0.0,8.0,Gilbués,Sudoeste Piauiense,Chapada Das Mangabeiras,2.98,10698,31.02,32.21,9.45,548,28731.95,29.0,0.0
220750,16.0,0.0,16.0,3.0,1.0,87.0,18.0,18.0,10.0,1.0,9.0,1.0,1.0,2.0,0.0,9.0,Palmeirais,Centro Norte Piauiense,Entre Rios,9.17,14633,33.02,30.32,12.23,562,8587.18,44.0,0.0
220640,0.0,0.0,0.0,3.0,1.0,65.5,20.0,20.0,8.0,1.0,8.0,0.0,1.0,1.0,0.0,14.0,Monsenhor Gil,Centro Norte Piauiense,Entre Rios,18.17,10563,35.17,25.49,13.67,615,10232.84,41.5,0.0
220160,0.0,0.0,0.0,3.0,1.0,67.0,21.0,21.0,8.0,1.0,7.0,0.0,0.0,1.0,0.0,13.0,Beneditinos,Centro Norte Piauiense,Entre Rios,12.57,10479,35.15,25.91,13.5,557,8471.44,48.5,12.0
220470,0.0,0.0,0.0,3.0,1.0,97.0,23.0,23.0,11.0,1.0,12.0,0.0,4.0,1.0,1.0,10.0,Inhuma,Centro Norte Piauiense,Vale Do Sambito,15.18,15330,35.0,26.1,12.79,624,9993.08,55.5,9.0
220200,42.0,0.0,42.0,3.0,1.0,113.5,25.0,25.0,10.0,1.0,11.0,1.0,3.0,3.0,0.0,13.0,Buriti dos Lopes,Norte Piauiense,Planície Litorânea,27.6,19832,32.52,29.01,10.78,565,9743.51,76.0,0.0
220150,0.0,0.0,0.0,3.0,1.0,135.0,29.0,29.0,11.0,1.0,13.0,0.0,2.0,1.0,0.0,19.0,Batalha,Norte Piauiense,Cocais,16.22,26951,33.24,28.49,11.4,545,8122.58,185.0,102.0
220550,24.0,0.0,24.0,3.0,1.0,235.0,37.0,37.0,10.0,1.0,10.0,1.0,6.0,2.0,0.0,24.0,José de Freitas,Centro Norte Piauiense,Entre Rios,24.11,39457,33.46,26.81,11.25,618,9650.85,243.5,98.5
220375,0.0,16.0,16.0,4.0,1.0,37.0,5.0,5.0,4.0,1.0,3.0,1.0,0.0,1.0,0.0,2.0,Fartura do Piauí,Sudoeste Piauiense,Serra Da Capivara,7.12,5330,33.21,28.84,11.83,548,7914.85,27.0,0.0
220920,0.0,0.0,0.0,4.0,1.0,39.0,6.0,6.0,5.0,1.0,5.0,0.0,0.0,0.0,0.0,3.0,Santa Filomena,Sudoeste Piauiense,Chapada Das Mangabeiras,1.15,6256,29.79,34.15,8.48,544,79755.28,13.0,0.0
221030,12.0,0.0,12.0,4.0,1.0,44.0,6.0,6.0,4.0,1.0,3.0,1.0,0.0,0.0,0.0,3.0,São Julião,Sudeste Piauiense,Vale Do Rio Guaribas,22.07,6379,35.75,25.16,13.38,594,9082.15,22.5,0.0
220860,0.0,0.0,0.0,4.0,1.0,31.0,7.0,7.0,5.0,1.0,5.0,0.0,0.0,1.0,0.0,2.0,Prata do Piauí,Centro Norte Piauiense,Vale Do Sambito,15.71,3149,35.91,26.75,15.72,565,8673.02,9.0,0.0
220140,0.0,0.0,0.0,4.0,1.0,55.0,8.0,8.0,6.0,1.0,6.0,0.0,1.0,0.0,0.0,4.0,Barro Duro,Centro Norte Piauiense,Entre Rios,50.39,7022,34.08,27.69,12.16,612,12134.83,23.0,0.0
220277,0.0,0.0,0.0,4.0,1.0,54.0,8.0,8.0,6.0,1.0,5.0,0.0,0.0,0.0,0.0,4.0,Colônia do Piauí,Sudeste Piauiense,Vale Do Canindè,7.84,7665,33.57,27.51,11.05,588,8172.49,33.5,0.0
220610,0.0,0.0,0.0,4.0,1.0,64.0,8.0,8.0,5.0,1.0,4.0,0.0,0.0,0.0,0.0,5.0,Matias Olímpio,Norte Piauiense,Cocais,46.26,10979,31.33,31.12,10.26,562,8255.86,51.0,0.0
220540,0.0,0.0,0.0,4.0,1.0,87.0,9.0,9.0,4.0,1.0,3.0,0.0,0.0,0.0,0.0,7.0,Joaquim Pires,Norte Piauiense,Cocais,18.68,14396,31.6,29.9,9.87,522,7468.44,59.0,15.5
221090,0.0,0.0,0.0,4.0,1.0,36.0,9.0,9.0,5.0,1.0,5.0,0.0,0.0,0.0,0.0,6.0,Socorro do Piauí,Sudeste Piauiense,Vale Dos Rios Piauì E Itaueiras,5.94,4557,33.56,28.95,11.36,561,8935.91,14.0,0.0
220870,0.0,0.0,0.0,4.0,1.0,41.5,10.0,10.0,6.0,1.0,5.0,0.0,0.0,0.0,0.0,6.0,Redenção do Gurguéia,Sudoeste Piauiense,Chapada Das Mangabeiras,3.4,8814,30.41,32.89,9.18,589,9934.44,43.0,0.0
220590,0.0,0.0,0.0,4.0,1.0,35.5,11.0,11.0,7.0,1.0,7.0,0.0,0.0,1.0,0.0,6.0,Manoel Emídio,Sudoeste Piauiense,Vale Dos Rios Piauì E Itaueiras,3.22,5352,33.78,27.31,11.61,573,10004.77,15.5,8.0
220660,0.0,0.0,0.0,4.0,1.0,83.0,11.0,11.0,7.0,1.0,6.0,0.0,0.0,1.0,0.0,6.0,Monte Alegre do Piauí,Sudoeste Piauiense,Chapada Das Mangabeiras,4.28,10618,30.8,32.09,9.31,578,23522.87,34.0,0.0
221170,19.0,0.0,19.0,4.0,1.0,32.0,11.0,11.0,6.0,1.0,6.0,1.0,0.0,2.0,0.0,6.0,Wall Ferraz,Sudeste Piauiense,Vale Do Rio Guaribas,15.85,4479,33.62,28.29,10.92,544,8382.7,42.5,30.0
220300,0.0,0.0,0.0,4.0,1.0,50.0,13.0,13.0,8.0,1.0,8.0,0.0,0.0,1.0,0.0,5.0,Cristalândia do Piauí,Sudoeste Piauiense,Chapada Das Mangabeiras,6.51,8350,31.7,31.78,10.15,573,8306.38,10.0,0.0
220490,0.0,0.0,0.0,4.0,1.0,50.0,13.0,13.0,7.0,1.0,8.0,0.0,0.0,1.0,0.0,5.0,Isaías Coelho,Sudeste Piauiense,Vale Do Canindè,10.59,8582,32.7,29.23,11.51,582,9341.78,30.5,0.0
220650,0.0,0.0,0.0,4.0,1.0,47.5,13.0,13.0,6.0,1.0,7.0,0.0,0.0,1.0,0.0,7.0,Monsenhor Hipólito,Sudeste Piauiense,Vale Do Rio Guaribas,18.41,7785,35.43,24.83,12.57,561,11598.76,43.0,23.0
220500,0.0,0.0,0.0,4.0,1.0,79.0,14.0,14.0,9.0,1.0,5.0,0.0,1.0,2.0,0.0,6.0,Itainópolis,Sudeste Piauiense,Vale Do Rio Guaribas,13.41,11571,37.44,23.09,14.55,541,9009.69,30.0,0.0
220110,0.0,0.0,0.0,4.0,1.0,72.0,15.0,15.0,8.0,1.0,8.0,0.0,0.0,2.0,0.0,7.0,Avelino Lopes,Sudoeste Piauiense,Chapada Das Mangabeiras,8.48,11361,33.49,29.09,11.74,554,7913.71,33.0,0.0
220910,19.0,1.0,20.0,4.0,1.0,38.0,15.0,15.0,9.0,1.0,9.0,2.0,1.0,3.0,0.0,5.0,Santa Cruz do Piauí,Sudeste Piauiense,Vale Do Rio Guaribas,9.85,6254,35.99,25.09,13.26,601,9877.94,22.5,0.0
220760,0.0,0.0,0.0,4.0,1.0,81.5,16.0,16.0,7.0,1.0,8.0,0.0,0.0,3.0,0.0,7.0,Parnaguá,Sudoeste Piauiense,Chapada Das Mangabeiras,3.0,10846,30.18,33.23,8.44,575,10513.11,146.0,122.5
220820,35.0,0.0,35.0,4.0,1.0,98.0,16.0,16.0,7.0,1.0,8.0,1.0,0.0,1.0,0.0,9.0,Pio IX,Sudeste Piauiense,Vale Do Rio Guaribas,9.08,18492,33.16,27.63,10.6,564,11241.12,49.5,6.0
220880,29.0,0.0,29.0,4.0,1.0,137.0,16.0,16.0,7.0,1.0,6.0,1.0,1.0,0.0,0.0,11.0,Regeneração,Centro Norte Piauiense,Entre Rios,14.03,17979,33.97,27.31,12.19,591,12146.03,168.5,129.5
220350,34.0,0.0,34.0,4.0,1.0,92.0,19.0,19.0,7.0,1.0,8.0,1.0,3.0,0.0,0.0,10.0,Elesbão Veloso,Centro Norte Piauiense,Vale Do Sambito,10.77,14550,37.02,23.33,15.29,580,10458.6,98.0,53.0
220810,0.0,0.0,0.0,4.0,1.0,75.0,19.0,19.0,8.0,1.0,8.0,0.0,1.0,2.0,0.0,10.0,Pimenteiras,Centro Norte Piauiense,Vale Do Sambito,2.57,12150,33.84,28.34,12.01,566,8606.05,44.0,8.0
220270,42.0,0.0,42.0,4.0,1.0,160.0,22.0,22.0,10.0,1.0,10.0,1.0,0.0,2.0,1.0,13.0,Cocal,Norte Piauiense,Planície Litorânea,20.51,27901,31.6,31.07,10.54,497,9092.64,115.0,49.0
220480,0.0,0.0,0.0,4.0,1.0,69.0,22.0,22.0,8.0,1.0,10.0,0.0,3.0,3.0,0.0,11.0,Ipiranga do Piauí,Sudeste Piauiense,Vale Do Rio Guaribas,17.67,9863,34.73,26.46,12.34,630,8121.33,32.5,6.0
220510,26.0,0.0,26.0,4.0,1.0,77.0,22.0,22.0,7.0,1.0,7.0,1.0,1.0,2.0,0.0,13.0,Itaueira,Sudoeste Piauiense,Vale Dos Rios Piauì E Itaueiras,4.18,11037,35.22,25.59,12.85,583,11589.82,61.5,35.5
220260,38.0,0.0,38.0,4.0,1.0,111.0,31.0,31.0,10.0,1.0,11.0,1.0,2.0,4.0,1.0,19.0,Castelo do Piauí,Centro Norte Piauiense,Carnaubais,9.01,19716,34.34,28.27,13.26,587,9453.46,94.0,41.0
220520,51.0,5.0,56.0,4.0,1.0,111.5,33.0,33.0,9.0,1.0,11.0,3.0,4.0,1.0,1.0,10.0,Jaicós,Sudeste Piauiense,Vale Do Rio Guaribas,20.85,19233,33.51,28.47,11.82,524,10107.94,163.0,123.0
220620,0.0,0.0,0.0,4.0,1.0,189.5,33.0,33.0,12.0,1.0,11.0,0.0,2.0,1.0,0.0,20.0,Miguel Alves,Norte Piauiense,Entre Rios,23.17,33901,30.69,33.39,10.08,539,8293.41,240.0,121.0
221110,51.0,0.0,51.0,4.0,1.0,192.0,37.0,37.0,10.0,1.0,8.0,1.0,5.0,0.0,2.0,21.0,União,Centro Norte Piauiense,Entre Rios,36.35,44649,32.89,29.03,11.57,577,9139.08,231.5,61.5
220595,68.0,9.0,77.0,5.0,1.0,63.5,9.0,9.0,6.0,1.0,6.0,1.0,1.0,2.0,0.0,4.0,Marcolândia,Sudeste Piauiense,Vale Do Rio Guaribas,54.3,8590,31.13,30.9,8.73,562,17948.05,19.5,0.0
220720,45.0,0.0,45.0,5.0,1.0,46.5,12.0,12.0,7.0,1.0,7.0,1.0,0.0,1.0,1.0,7.0,Padre Marcos,Sudeste Piauiense,Vale Do Rio Guaribas,24.47,6879,35.57,25.24,12.88,541,10899.55,18.0,0.0
220330,40.0,0.0,40.0,5.0,1.0,106.5,15.0,15.0,8.0,1.0,9.0,1.0,1.0,1.0,0.0,6.0,Demerval Lobão,Centro Norte Piauiense,Entre Rios,61.24,13862,34.43,26.33,12.68,618,14202.78,121.5,93.5
220430,26.0,0.0,26.0,5.0,1.0,72.0,18.0,18.0,6.0,1.0,7.0,1.0,1.0,3.0,0.0,11.0,Fronteiras,Sudeste Piauiense,Vale Do Rio Guaribas,14.33,11690,34.48,26.21,11.66,619,10158.38,190.0,186.0
220450,0.0,0.0,0.0,5.0,1.0,64.0,18.0,18.0,8.0,1.0,8.0,0.0,5.0,3.0,0.0,5.0,Guadalupe,Sudoeste Piauiense,Vale Dos Rios Piauì E Itaueiras,10.03,10496,33.64,26.88,11.12,650,52659.38,83.0,59.0
221070,44.0,0.0,44.0,5.0,1.0,81.0,20.0,20.0,12.0,1.0,9.0,2.0,2.0,1.0,1.0,8.0,Simões,Sudeste Piauiense,Vale Do Rio Guaribas,13.23,14664,31.58,31.58,10.39,575,19456.17,143.5,137.5
221050,42.0,0.0,42.0,5.0,1.0,80.0,23.0,23.0,9.0,1.0,8.0,1.0,3.0,0.0,0.0,13.0,São Pedro do Piauí,Centro Norte Piauiense,Entre Rios,26.32,14356,33.28,29.38,11.74,595,8301.66,76.0,28.0
220580,50.0,0.0,50.0,5.0,1.0,163.5,28.0,28.0,8.0,1.0,8.0,1.0,1.0,3.0,5.0,15.0,Luzilândia,Norte Piauiense,Cocais,35.1,25521,33.22,27.83,11.55,545,8730.55,190.5,286.0
220830,65.0,0.0,65.0,5.0,1.0,156.0,30.0,30.0,12.0,1.0,12.0,2.0,3.0,4.0,0.0,13.0,Piracuruca,Norte Piauiense,Cocais,11.57,28952,33.65,26.87,11.27,596,11622.54,122.5,71.0
221120,40.0,0.0,40.0,5.0,1.0,162.0,38.0,38.0,11.0,1.0,12.0,1.0,13.0,6.0,2.0,10.0,Uruçuí,Sudoeste Piauiense,Tabuleiros Do Alto Parnaìba,2.4,21746,32.15,28.82,9.58,631,88333.18,150.0,144.0
220290,68.0,0.0,68.0,5.0,1.0,172.5,44.0,44.0,12.0,1.0,12.0,1.0,7.0,7.0,0.0,20.0,Corrente,Sudoeste Piauiense,Chapada Das Mangabeiras,8.33,26771,31.54,30.52,9.46,642,19340.59,115.0,106.0
220370,55.0,20.0,75.0,5.0,1.0,244.0,52.0,52.0,10.0,1.0,11.0,2.0,10.0,4.0,9.0,22.0,Esperantina,Norte Piauiense,Cocais,41.45,39953,33.16,27.24,10.72,605,10881.53,250.0,351.0
220700,108.0,480.0,588.0,5.0,1.0,263.5,89.0,89.0,14.0,1.0,12.0,4.0,15.0,10.0,18.0,30.0,Oeiras,Sudeste Piauiense,Vale Do Canindè,13.19,37138,33.91,27.12,11.78,634,14544.8,305.5,408.0
221040,26.0,13.0,39.0,5.0,1.0,118.0,33.0,33.0,8.0,1.0,7.0,2.0,0.0,3.0,0.0,23.0,São Miguel do Tapuio,Centro Norte Piauiense,Carnaubais,3.48,17617,33.86,28.13,12.04,556,8543.38,82.0,43.0
220040,38.0,0.0,38.0,5.0,1.0,299.0,37.0,37.0,12.0,1.0,12.0,1.0,2.0,7.0,0.0,20.0,Altos,Centro Norte Piauiense,Entre Rios,40.54,40681,33.98,26.74,11.59,614,11770.84,250.5,101.0
220790,56.0,21.0,77.0,5.0,1.0,239.0,43.0,43.0,11.0,1.0,13.0,2.0,4.0,4.0,5.0,20.0,Pedro II,Centro Norte Piauiense,Cocais,24.7,38812,33.73,29.16,12.43,571,9205.86,263.5,203.0
221130,55.0,0.0,55.0,5.0,1.0,142.0,49.0,49.0,12.0,1.0,12.0,1.0,10.0,5.0,3.0,22.0,Valença do Piauí,Centro Norte Piauiense,Vale Do Sambito,15.23,20940,36.79,23.7,14.59,647,12566.07,154.5,224.0
220780,89.0,3.0,92.0,5.0,1.0,184.5,51.0,51.0,12.0,1.0,14.0,2.0,13.0,4.0,0.0,10.0,Paulistana,Sudeste Piauiense,Vale Do Rio Guaribas,10.04,20583,32.76,28.97,10.8,600,12296.03,90.0,150.0
220220,166.0,79.0,245.5,5.0,1.0,315.0,90.0,90.0,17.0,1.0,18.0,8.0,15.0,7.0,22.0,22.0,Campo Maior,Centro Norte Piauiense,Carnaubais,26.96,46950,36.08,23.15,12.76,656,14081.19,266.0,369.5
220320,34.0,0.0,34.0,6.0,1.0,78.0,18.0,18.0,7.0,1.0,8.0,1.0,0.0,5.0,0.0,8.0,Curimatá,Sudoeste Piauiense,Chapada Das Mangabeiras,4.6,11461,32.26,30.49,10.28,607,10662.46,95.0,93.5
220230,27.0,0.0,27.0,6.0,1.0,169.5,22.0,22.0,9.0,1.0,9.0,1.0,3.0,4.0,1.0,9.0,Canto do Buriti,Sudoeste Piauiense,Vale Dos Rios Piauì E Itaueiras,4.63,21326,34.39,27.04,12.24,576,12343.66,209.0,144.0
220020,29.0,0.0,29.0,6.0,1.0,125.0,23.0,23.0,11.0,1.0,6.0,1.0,4.0,0.0,0.0,8.0,Água Branca,Centro Norte Piauiense,Entre Rios,169.53,17525,34.26,27.9,12.64,639,12537.11,121.5,68.0
221000,74.0,0.0,74.0,6.0,1.0,139.0,28.0,28.0,10.0,1.0,10.0,2.0,8.0,3.0,4.0,6.0,São João do Piauí,Sudeste Piauiense,Serra Da Capivara,12.8,20720,32.73,28.27,10.22,645,21694.23,102.0,121.5
220050,45.0,0.0,45.0,6.0,1.0,140.0,31.0,31.0,8.0,1.0,8.0,1.0,0.0,5.0,0.0,20.0,Amarante,Centro Norte Piauiense,Entre Rios,14.83,17609,34.92,27.33,13.79,598,10342.85,154.5,117.5
221080,29.0,0.0,29.0,6.0,1.0,93.0,31.0,31.0,13.0,1.0,11.0,1.0,1.0,2.0,5.0,12.0,Simplício Mendes,Sudeste Piauiense,Vale Do Canindè,8.97,12778,34.57,26.27,11.69,627,15128.68,61.0,29.5
220190,59.0,2.0,61.0,6.0,1.0,201.0,38.0,38.0,9.0,1.0,12.0,1.0,11.0,4.0,2.0,14.0,Bom Jesus,Sudoeste Piauiense,Chapada Das Mangabeiras,4.14,25584,30.75,29.35,7.67,668,44512.93,190.0,415.5
220120,81.0,4.0,85.0,6.0,1.0,289.5,54.0,54.0,13.0,1.0,12.0,2.0,5.0,14.0,1.0,24.0,Barras,Norte Piauiense,Cocais,26.08,47298,32.34,29.35,10.54,595,9950.15,242.5,168.0
221060,293.0,0.0,293.0,6.0,1.0,196.0,58.0,58.0,15.0,1.0,13.0,4.0,6.0,12.0,2.0,16.0,São Raimundo Nonato,Sudoeste Piauiense,Serra Da Capivara,13.38,35035,33.03,26.91,9.81,661,15669.4,575.0,977.0
220800,541.0,191.0,732.0,6.0,1.0,511.0,432.0,432.0,18.0,1.0,16.0,11.0,191.0,28.0,87.0,47.0,Picos,Sudeste Piauiense,Vale Do Rio Guaribas,137.3,78627,34.38,23.76,9.85,698,22447.51,323.0,820.0
220840,90.5,28.5,124.0,6.0,1.0,386.5,99.0,99.0,18.0,1.0,14.0,1.0,19.0,16.0,6.0,34.0,Piripiri,Norte Piauiense,Cocais,43.89,63829,34.8,25.73,12.38,635,14159.14,254.0,316.5
220390,335.0,71.0,407.0,7.0,1.0,423.5,168.0,168.0,20.0,1.0,16.0,6.0,65.0,9.0,42.0,25.0,Floriano,Sudoeste Piauiense,Vale Dos Rios Piauì E Itaueiras,16.92,60111,34.46,24.25,11.01,700,21866.04,321.5,999.0
220770,1370.0,342.0,1712.0,7.0,1.0,525.5,219.0,219.0,18.0,1.0,14.0,12.0,59.0,35.0,54.0,38.0,Parnaíba,Norte Piauiense,Planície Litorânea,334.51,153863,34.11,25.24,10.78,687,17021.64,1038.5,1651.5
220225,0.0,0.0,0.0,1.0,0.0,28.0,5.0,5.0,4.0,1.0,4.0,0.0,0.0,1.0,0.0,2.0,Canavieira,Sudoeste Piauiense,Vale Dos Rios Piauì E Itaueiras,1.81,3938,33.78,29.64,12.53,583,9918.17,14.0,0.0
220855,0.0,0.0,0.0,1.0,0.0,20.0,5.0,5.0,4.0,1.0,5.0,0.0,0.0,0.0,0.0,3.0,Porto Alegre do Piauí,Sudoeste Piauiense,Vale Dos Rios Piauì E Itaueiras,2.19,2728,32.39,29.58,10.31,563,10612.27,8.0,0.0
220380,0.0,0.0,0.0,1.0,0.0,34.0,8.0,8.0,7.0,1.0,7.0,0.0,0.0,1.0,0.0,3.0,Flores do Piauí,Sudoeste Piauiense,Vale Dos Rios Piauì E Itaueiras,4.61,4461,34.15,28.49,12.17,547,9890.89,16.5,0.0
220530,0.0,0.0,0.0,1.0,0.0,28.0,8.0,8.0,4.0,1.0,4.0,0.0,0.0,0.0,0.0,6.0,Jerumenha,Sudoeste Piauiense,Vale Dos Rios Piauì E Itaueiras,2.35,4443,34.43,27.41,12.77,591,10792.44,18.0,0.0
220410,0.0,0.0,0.0,1.0,0.0,31.0,10.0,10.0,8.0,1.0,7.0,0.0,1.0,1.0,0.0,4.0,Francisco Ayres,Centro Norte Piauiense,Vale Dos Rios Piauì E Itaueiras,6.82,4300,36.34,25.55,15.26,577,9856.56,15.0,0.0
220100,0.0,0.0,0.0,1.0,0.0,32.0,11.0,11.0,9.0,1.0,9.0,0.0,1.0,1.0,0.0,4.0,Arraial,Centro Norte Piauiense,Vale Dos Rios Piauì E Itaueiras,6.87,4713,33.35,29.14,11.75,560,9336.01,24.5,9.0
220170,0.0,0.0,0.0,1.0,0.0,34.0,11.0,11.0,7.0,1.0,6.0,0.0,0.0,1.0,0.0,5.0,Bertolínia,Sudoeste Piauiense,Vale Dos Rios Piauì E Itaueiras,4.34,5512,34.17,27.75,12.68,612,12631.63,24.5,0.0
220360,0.0,0.0,0.0,1.0,0.0,31.0,11.0,11.0,7.0,1.0,7.0,0.0,0.0,1.0,1.0,4.0,Eliseu Martins,Sudoeste Piauiense,Chapada Das Mangabeiras,4.28,4943,35.86,25.58,14.35,595,10497.9,12.0,0.0
220970,0.0,0.0,0.0,1.0,0.0,45.0,12.0,12.0,7.0,1.0,7.0,0.0,0.0,1.0,0.0,5.0,São Francisco do Piauí,Sudoeste Piauiense,Vale Dos Rios Piauì E Itaueiras,4.7,6417,34.75,28.63,13.31,570,8823.96,25.5,0.0
