Cód do Município,Município,Mesoregiao,Regional de Saúde,População,Leitos,Estabelecimentos,Demografia Geral,Demografia Faixa Etária,Fluxo de Pacientes,Score Final
220770,Parnaíba,Norte Piauiense,Planície Litorânea,153863,92.81,76.81,78.57,73.31,90.48,82.4
220800,Picos,Sudeste Piauiense,Vale Do Rio Guaribas,78627,66.25,94.86,53.29,70.4,73.36,71.63
220390,Floriano,Sudoeste Piauiense,Vale Dos Rios Piauì E Itaueiras,60111,59.81,53.84,41.22,73.09,100.0,65.59
221060,São Raimundo Nonato,Sudoeste Piauiense,Serra Da Capivara,35035,51.78,29.1,34.02,72.17,59.34,49.28
220700,Oeiras,Sudeste Piauiense,Vale Do Canindè,37138,69.83,36.88,33.11,76.8,15.13,46.35
220220,Campo Maior,Centro Norte Piauiense,Carnaubais,46950,50.0,41.55,36.41,76.69,15.28,43.99
220840,Piripiri,Norte Piauiense,Cocais,63829,49.56,41.21,39.69,77.35,9.23,43.41
220190,Bom Jesus,Sudoeste Piauiense,Chapada Das Mangabeiras,25584,47.61,18.71,38.88,68.57,33.28,41.41
220370,Esperantina,Norte Piauiense,Cocais,39953,44.9,24.87,33.78,74.3,14.91,38.55
221130,Valença do Piauí,Centro Norte Piauiense,Vale Do Sambito,20940,43.86,22.06,30.63,81.23,10.26,37.61
221120,Uruçuí,Sudoeste Piauiense,Tabuleiros Do Alto Parnaìba,21746,43.59,18.81,47.21,72.82,-0.89,36.31
220580,Luzilândia,Norte Piauiense,Cocais,25521,43.77,16.59,28.31,76.46,14.1,35.85
220780,Paulistana,Sudeste Piauiense,Vale Do Rio Guaribas,20583,44.64,20.39,28.44,75.75,8.86,35.62
220120,Barras,Norte Piauiense,Cocais,47298,48.12,30.51,33.25,75.27,-11.0,35.23
220020,Água Branca,Centro Norte Piauiense,Entre Rios,17525,46.96,13.94,41.31,79.44,-7.9,34.75
221000,São João do Piauí,Sudeste Piauiense,Serra Da Capivara,20720,47.78,16.22,32.51,73.98,2.88,34.67
220290,Corrente,Sudoeste Piauiense,Chapada Das Mangabeiras,26771,44.1,22.2,32.49,73.69,-1.33,34.23
220790,Pedro II,Centro Norte Piauiense,Cocais,38812,44.97,23.62,30.73,79.8,-8.93,34.04
220050,Amarante,Centro Norte Piauiense,Entre Rios,17609,47.25,17.37,27.78,81.61,-5.46,33.71
221080,Simplício Mendes,Sudeste Piauiense,Vale Do Canindè,12778,46.96,16.97,28.73,76.38,-4.65,32.88
221070,Simões,Sudeste Piauiense,Vale Do Rio Guaribas,14664,43.66,14.85,28.52,76.47,-0.89,32.52
220450,Guadalupe,Sudoeste Piauiense,Vale Dos Rios Piauì E Itaueiras,10496,42.86,9.77,38.16,75.11,-3.54,32.47
220330,Demerval Lobão,Centro Norte Piauiense,Entre Rios,13862,43.59,11.03,32.27,78.16,-4.13,32.18
220320,Curimatá,Sudoeste Piauiense,Chapada Das Mangabeiras,11461,47.05,11.71,26.41,75.81,-0.22,32.15
220830,Piracuruca,Norte Piauiense,Cocais,28952,44.04,19.24,29.61,75.39,-7.6,32.14
221040,São Miguel do Tapuio,Centro Norte Piauiense,Carnaubais,17617,44.01,18.03,25.01,78.2,-5.76,31.9
220230,Canto do Buriti,Sudoeste Piauiense,Vale Dos Rios Piauì E Itaueiras,21326,46.92,15.5,27.31,77.99,-9.59,31.63
220180,Bocaina,Sudeste Piauiense,Vale Do Rio Guaribas,4509,35.71,7.98,27.32,85.43,1.7,31.63
220260,Castelo do Piauí,Centro Norte Piauiense,Carnaubais,19716,39.98,17.59,27.08,81.02,-7.82,31.57
220430,Fronteiras,Sudeste Piauiense,Vale Do Rio Guaribas,11690,43.33,11.09,27.49,76.19,-0.59,31.5
220040,Altos,Centro Norte Piauiense,Entre Rios,40681,43.55,24.67,34.36,76.14,-22.07,31.33
220920,Santa Filomena,Sudoeste Piauiense,Chapada Das Mangabeiras,6256,39.29,5.02,39.45,73.84,-1.92,31.14
221050,São Pedro do Piauí,Centro Norte Piauiense,Entre Rios,14356,43.62,12.89,27.52,78.34,-7.08,31.06
220115,Baixa Grande do Ribeiro,Sudoeste Piauiense,Tabuleiros Do Alto Parnaìba,11751,35.71,7.15,47.15,69.34,-4.35,31.0
220520,Jaicós,Sudeste Piauiense,Vale Do Rio Guaribas,19233,40.48,15.78,25.8,77.82,-5.9,30.8
220960,São Félix do Piauí,Centro Norte Piauiense,Vale Do Sambito,2923,35.71,6.22,25.12,87.96,-1.18,30.77
220720,Padre Marcos,Sudeste Piauiense,Vale Do Rio Guaribas,6879,43.68,9.23,24.85,78.47,-2.66,30.71
220350,Elesbão Veloso,Centro Norte Piauiense,Vale Do Sambito,14550,39.91,11.01,26.36,82.38,-6.64,30.6
220910,Santa Cruz do Piauí,Sudeste Piauiense,Vale Do Rio Guaribas,6254,39.68,11.51,25.56,79.39,-3.32,30.56
220890,Ribeiro Gonçalves,Sudoeste Piauiense,Tabuleiros Do Alto Parnaìba,7408,35.71,7.33,37.63,72.99,-1.25,30.48
220860,Prata do Piauí,Centro Norte Piauiense,Vale Do Sambito,3149,39.29,4.95,23.92,85.49,-1.33,30.46
220595,Marcolândia,Sudeste Piauiense,Vale Do Rio Guaribas,8590,44.57,8.41,29.78,72.35,-2.88,30.45
220510,Itaueira,Sudoeste Piauiense,Vale Dos Rios Piauì E Itaueiras,11037,39.76,12.12,25.68,78.45,-3.84,30.43
220480,Ipiranga do Piauí,Sudeste Piauiense,Vale Do Rio Guaribas,9863,39.29,11.47,27.35,77.91,-3.91,30.42
220880,Regeneração,Centro Norte Piauiense,Entre Rios,17979,39.81,12.13,27.96,77.79,-5.76,30.39
220500,Itainópolis,Sudeste Piauiense,Vale Do Rio Guaribas,11571,39.29,10.28,24.34,81.13,-4.43,30.12
220140,Barro Duro,Centro Norte Piauiense,Entre Rios,7022,39.29,6.42,29.64,78.19,-3.39,30.03
220010,Agricolândia,Centro Norte Piauiense,Entre Rios,5123,32.14,8.59,27.62,84.34,-2.95,29.95
220060,Angical do Piauí,Centro Norte Piauiense,Entre Rios,6779,32.14,9.35,28.17,83.92,-4.5,29.82
220470,Inhuma,Centro Norte Piauiense,Vale Do Sambito,15330,35.71,13.27,28.28,78.64,-6.86,29.81
220270,Cocal,Norte Piauiense,Planície Litorânea,27901,40.05,16.05,25.97,76.28,-9.74,29.72
220900,Rio Grande do Piauí,Sudoeste Piauiense,Vale Dos Rios Piauì E Itaueiras,6434,35.71,9.19,24.32,80.95,-1.85,29.66
220640,Monsenhor Gil,Centro Norte Piauiense,Entre Rios,10563,35.71,11.28,27.47,79.84,-6.13,29.63
220750,Palmeirais,Centro Norte Piauiense,Entre Rios,14633,36.01,13.06,25.17,79.93,-6.49,29.54
220810,Pimenteiras,Centro Norte Piauiense,Vale Do Sambito,12150,39.29,10.77,24.42,78.33,-5.31,29.5
221030,São Julião,Sudeste Piauiense,Vale Do Rio Guaribas,6379,39.5,5.56,26.06,79.48,-3.32,29.46
220300,Cristalândia do Piauí,Sudoeste Piauiense,Chapada Das Mangabeiras,8350,39.29,8.25,24.28,76.32,-1.48,29.33
220650,Monsenhor Hipólito,Sudeste Piauiense,Vale Do Rio Guaribas,7785,39.29,7.47,25.43,77.38,-2.95,29.32
220110,Avelino Lopes,Sudoeste Piauiense,Chapada Das Mangabeiras,11361,39.29,9.72,24.14,78.24,-4.87,29.3
220590,Manoel Emídio,Sudoeste Piauiense,Vale Dos Rios Piauì E Itaueiras,5352,39.29,7.49,23.95,76.55,-1.11,29.23
220990,São João da Serra,Centro Norte Piauiense,Carnaubais,6106,35.71,5.99,24.55,84.04,-4.21,29.22
220160,Beneditinos,Centro Norte Piauiense,Entre Rios,10479,35.71,11.02,24.54,79.91,-5.39,29.16
220620,Miguel Alves,Norte Piauiense,Entre Rios,33901,39.29,18.77,28.46,76.86,-17.56,29.16
220090,Aroazes,Centro Norte Piauiense,Vale Do Sambito,5819,35.71,7.53,24.54,82.57,-4.58,29.15
220400,Francinópolis,Centro Norte Piauiense,Vale Do Sambito,5345,35.71,5.28,24.32,82.8,-2.51,29.12
220660,Monte Alegre do Piauí,Sudoeste Piauiense,Chapada Das Mangabeiras,10618,39.29,8.62,28.27,74.28,-5.02,29.09
220820,Pio IX,Sudeste Piauiense,Vale Do Rio Guaribas,18492,39.92,10.96,26.49,74.44,-6.42,29.08
221170,Wall Ferraz,Sudeste Piauiense,Vale Do Rio Guaribas,4479,39.63,8.18,23.33,76.06,-1.85,29.07
220670,Nazaré do Piauí,Sudoeste Piauiense,Vale Dos Rios Piauì E Itaueiras,7307,32.14,9.46,24.27,82.48,-3.32,29.01
220490,Isaías Coelho,Sudeste Piauiense,Vale Do Canindè,8582,39.29,7.63,25.19,77.27,-4.5,28.98
221110,União,Centro Norte Piauiense,Entre Rios,44649,40.22,19.13,32.75,77.36,-25.09,28.87
221140,Várzea Grande,Centro Norte Piauiense,Vale Do Sambito,4382,35.71,4.26,24.63,82.06,-2.44,28.84
220200,Buriti dos Lopes,Norte Piauiense,Planície Litorânea,19832,36.48,15.44,27.78,75.55,-11.22,28.81
220550,José de Freitas,Centro Norte Piauiense,Entre Rios,39457,36.15,21.44,32.57,75.13,-21.4,28.78
221090,Socorro do Piauí,Sudeste Piauiense,Vale Dos Rios Piauì E Itaueiras,4557,39.29,5.84,23.34,77.46,-2.07,28.77
220150,Batalha,Norte Piauiense,Cocais,26951,35.71,16.47,26.98,76.82,-12.25,28.75
220760,Parnaguá,Sudoeste Piauiense,Chapada Das Mangabeiras,10846,39.29,9.71,25.02,73.22,-3.47,28.75
220440,Gilbués,Sudoeste Piauiense,Chapada Das Mangabeiras,10698,35.71,8.36,28.35,74.84,-4.28,28.6
220030,Alto Longá,Centro Norte Piauiense,Entre Rios,14371,35.71,6.33,25.79,79.74,-4.65,28.58
220240,Capitão de Campos,Centro Norte Piauiense,Cocais,11471,35.71,9.26,26.11,77.13,-5.39,28.56
220600,Marcos Parente,Sudoeste Piauiense,Vale Dos Rios Piauì E Itaueiras,4546,35.71,4.16,24.81,80.21,-2.36,28.51
220740,Palmeira do Piauí,Sudoeste Piauiense,Chapada Das Mangabeiras,5029,35.71,7.68,26.97,75.74,-3.54,28.51
220690,Novo Oriente do Piauí,Centro Norte Piauiense,Vale Do Sambito,6548,32.14,7.91,23.98,82.34,-3.91,28.49
220375,Fartura do Piauí,Sudoeste Piauiense,Serra Da Capivara,5330,40.12,5.46,22.85,77.93,-3.99,28.47
220280,Conceição do Canindé,Sudeste Piauiense,Vale Do Canindè,4811,32.14,5.56,25.16,82.18,-3.03,28.4
220950,Santo Inácio do Piauí,Sudeste Piauiense,Vale Do Canindè,3809,35.71,5.63,25.17,77.88,-2.51,28.38
221010,São José do Peixe,Sudoeste Piauiense,Vale Dos Rios Piauì E Itaueiras,3737,32.14,6.34,23.8,80.96,-1.4,28.37
220940,Santo Antônio de Lisboa,Sudeste Piauiense,Vale Do Rio Guaribas,6466,32.14,6.99,25.71,79.33,-2.58,28.32
220196,Brasileira,Norte Piauiense,Cocais,8364,35.71,7.44,24.5,77.42,-3.84,28.25
220025,Alagoinha do Piauí,Sudeste Piauiense,Vale Do Rio Guaribas,7678,35.71,7.21,23.32,76.66,-1.92,28.2
220277,Colônia do Piauí,Sudeste Piauiense,Vale Do Canindè,7665,39.29,6.33,24.77,75.52,-4.94,28.19
221020,São José do Piauí,Sudeste Piauiense,Vale Do Rio Guaribas,6696,32.14,7.22,24.56,80.42,-3.47,28.17
220610,Matias Olímpio,Norte Piauiense,Cocais,10979,39.29,6.21,27.27,75.58,-7.53,28.16
220420,Francisco Santos,Sudeste Piauiense,Vale Do Rio Guaribas,9423,35.71,7.14,26.65,74.98,-3.84,28.13
220850,Porto,Norte Piauiense,Cocais,12646,36.02,8.83,27.1,74.53,-5.9,28.12
220202,Buriti dos Montes,Centro Norte Piauiense,Carnaubais,8282,35.71,6.4,24.06,77.64,-3.25,28.11
220987,São João da Fronteira,Norte Piauiense,Cocais,6084,35.97,5.68,22.18,78.28,-1.92,28.04
220730,Paes Landim,Sudeste Piauiense,Vale Dos Rios Piauì E Itaueiras,4124,32.14,7.81,24.45,78.2,-2.8,27.96
220870,Redenção do Gurguéia,Sudoeste Piauiense,Chapada Das Mangabeiras,8814,39.29,6.62,25.08,74.47,-6.35,27.82
220937,Santa Rosa do Piauí,Sudeste Piauiense,Vale Do Canindè,5254,32.14,5.63,24.34,78.91,-3.03,27.6
220980,São Gonçalo do Piauí,Centro Norte Piauiense,Entre Rios,5044,32.14,4.83,27.58,76.03,-2.88,27.54
220540,Joaquim Pires,Norte Piauiense,Cocais,14396,39.29,6.69,24.15,73.92,-6.42,27.53
221065,Sigefredo Pacheco,Centro Norte Piauiense,Carnaubais,10074,32.14,7.21,24.91,78.47,-6.2,27.31
220250,Caracol,Sudoeste Piauiense,Serra Da Capivara,11009,35.71,10.32,24.2,73.27,-7.01,27.3
220310,Cristino Castro,Sudoeste Piauiense,Chapada Das Mangabeiras,10464,32.14,10.36,24.92,75.5,-7.53,27.08
220555,Lagoa Alegre,Centro Norte Piauiense,Entre Rios,8610,32.14,5.49,24.58,78.09,-5.17,27.03
220570,Luís Correia,Norte Piauiense,Planície Litorânea,30558,32.93,17.4,28.98,72.37,-16.53,27.03
220335,Dirceu Arcoverde,Sudoeste Piauiense,Serra Da Capivara,7046,32.14,6.86,23.77,78.47,-6.35,26.98
220585,Madeiro,Norte Piauiense,Cocais,8372,35.71,5.59,26.6,72.2,-5.24,26.97
220191,Bom Princípio do Piauí,Norte Piauiense,Planície Litorânea,5670,32.14,6.84,23.3,76.23,-4.13,26.88
220545,Joca Marques,Norte Piauiense,Cocais,5488,35.71,7.43,23.13,71.52,-4.5,26.66
220553,Jurema,Sudoeste Piauiense,Serra Da Capivara,4790,32.14,5.97,23.0,75.85,-4.06,26.58
220680,Nossa Senhora dos Remédios,Norte Piauiense,Cocais,8751,32.14,6.02,24.2,74.15,-3.99,26.5
220560,Landri Sales,Sudoeste Piauiense,Vale Dos Rios Piauì E Itaueiras,5272,7.29,8.12,26.01,82.93,-2.88,24.29
220556,Lagoa do Barro do Piauí,Sudeste Piauiense,Serra Da Capivara,4658,0.0,7.25,36.93,77.15,-2.88,23.69
220410,Francisco Ayres,Centro Norte Piauiense,Vale Dos Rios Piauì E Itaueiras,4300,3.57,7.51,24.15,83.86,-2.21,23.38
220360,Eliseu Martins,Sudoeste Piauiense,Chapada Das Mangabeiras,4943,3.57,7.0,24.86,81.78,-1.77,23.09
220323,Currais,Sudoeste Piauiense,Chapada Das Mangabeiras,4982,0.0,5.2,36.01,76.69,-4.13,22.75
220970,São Francisco do Piauí,Sudoeste Piauiense,Vale Dos Rios Piauì E Itaueiras,6417,3.57,7.48,23.84,81.81,-3.76,22.59
220170,Bertolínia,Sudoeste Piauiense,Vale Dos Rios Piauì E Itaueiras,5512,3.57,7.19,26.07,79.3,-3.62,22.5
220557,Lagoa de São Francisco,Centro Norte Piauiense,Cocais,6795,0.0,6.01,31.61,78.33,-3.62,22.47
220735,Pajeú do Piauí,Sudoeste Piauiense,Vale Dos Rios Piauì E Itaueiras,3416,0.0,5.5,24.16,83.33,-1.03,22.39
220080,Antônio Almeida,Sudoeste Piauiense,Tabuleiros Do Alto Parnaìba,3175,0.0,4.39,32.98,76.66,-2.36,22.33
220100,Arraial,Centro Norte Piauiense,Vale Dos Rios Piauì E Itaueiras,4713,3.57,8.19,23.49,78.19,-2.29,22.23
220985,São João da Canabrava,Sudeste Piauiense,Vale Do Rio Guaribas,4619,0.0,5.58,23.82,83.88,-2.66,22.12
220225,Canavieira,Sudoeste Piauiense,Vale Dos Rios Piauì E Itaueiras,3938,3.57,4.2,23.95,80.49,-2.07,22.03
220209,Caldeirão Grande do Piauí,Sudeste Piauiense,Vale Do Rio Guaribas,5786,0.0,4.88,29.85,78.64,-3.32,22.01
220554,Lagoinha do Piauí,Centro Norte Piauiense,Entre Rios,2870,0.0,5.35,27.82,79.25,-2.51,21.98
220530,Jerumenha,Sudoeste Piauiense,Vale Dos Rios Piauì E Itaueiras,4443,3.57,4.99,24.57,79.36,-2.66,21.97
221063,Sebastião Leal,Sudoeste Piauiense,Tabuleiros Do Alto Parnaìba,4311,0.0,5.92,30.57,75.92,-2.66,21.95
220380,Flores do Piauí,Sudoeste Piauiense,Vale Dos Rios Piauì E Itaueiras,4461,3.57,6.57,22.95,79.04,-2.44,21.94
221038,São Miguel da Baixa Grande,Centro Norte Piauiense,Vale Do Sambito,2456,0.0,3.38,23.37,83.83,-0.89,21.94
220070,Anísio de Abreu,Sudoeste Piauiense,Serra Da Capivara,9994,7.14,5.83,27.06,74.39,-5.61,21.76
220710,Olho D'Água do Piauí,Centro Norte Piauiense,Entre Rios,2477,0.0,5.16,24.37,80.61,-1.33,21.76
220777,Patos do Piauí,Sudeste Piauiense,Vale Do Rio Guaribas,6420,0.0,5.21,23.87,81.92,-2.44,21.71
220675,Nossa Senhora de Nazaré,Centro Norte Piauiense,Carnaubais,4911,0.0,4.78,24.75,83.05,-4.06,21.7
220130,Barreiras do Piauí,Sudoeste Piauiense,Chapada Das Mangabeiras,3356,0.0,3.53,29.45,76.68,-1.25,21.68
220945,Santo Antônio dos Milagres,Centro Norte Piauiense,Entre Rios,2172,0.0,4.78,28.94,76.07,-1.4,21.68
220465,Ilha Grande,Norte Piauiense,Planície Litorânea,9487,0.0,7.85,28.62,78.04,-6.2,21.66
220887,Ribeira do Piauí,Sudeste Piauiense,Vale Dos Rios Piauì E Itaueiras,4499,0.0,5.3,29.44,75.26,-1.7,21.66
221037,São Luis do Piauí,Sudeste Piauiense,Vale Do Rio Guaribas,2648,0.0,4.72,23.31,81.21,-0.96,21.66
220935,Santana do Piauí,Sudeste Piauiense,Vale Do Rio Guaribas,4650,0.0,5.48,25.86,78.63,-1.92,21.61
220460,Hugo Napoleão,Centro Norte Piauiense,Entre Rios,3880,0.0,6.43,25.23,78.36,-2.07,21.59
220095,Aroeiras do Itaim,Sudeste Piauiense,Vale Do Rio Guaribas,2551,0.0,5.16,22.05,81.54,-0.96,21.56
220630,Miguel Leão,Centro Norte Piauiense,Entre Rios,1239,0.0,4.23,27.58,76.83,-0.96,21.54
220527,Jatobá do Piauí,Centro Norte Piauiense,Carnaubais,4885,0.0,5.01,24.05,82.28,-3.76,21.52
220605,Massapê do Piauí,Sudeste Piauiense,Vale Do Rio Guaribas,6456,0.0,6.95,22.64,80.73,-2.8,21.5
220525,Jardim do Mulato,Centro Norte Piauiense,Entre Rios,4522,0.0,7.89,24.37,78.16,-2.95,21.49
221097,Tanque do Piauí,Sudeste Piauiense,Vale Do Canindè,2781,0.0,6.31,24.44,78.49,-1.85,21.48
221035,São Lourenço do Piauí,Sudoeste Piauiense,Serra Da Capivara,4581,0.0,6.54,24.59,80.7,-4.43,21.48
220210,Campinas do Piauí,Sudeste Piauiense,Vale Do Canindè,5628,0.0,6.72,23.04,80.37,-2.8,21.47
220194,Boqueirão do Piauí,Centro Norte Piauiense,Carnaubais,6443,0.0,5.27,24.62,81.75,-4.28,21.47
220385,Floresta do Piauí,Sudeste Piauiense,Vale Do Canindè,2561,0.0,4.22,22.85,81.36,-1.33,21.42
220779,Pau D'Arco do Piauí,Centro Norte Piauiense,Entre Rios,4084,0.0,6.51,21.52,80.97,-2.21,21.36
220275,Colônia do Gurguéia,Sudoeste Piauiense,Chapada Das Mangabeiras,6545,0.0,5.47,26.86,77.17,-2.88,21.32
220695,Novo Santo Antônio,Centro Norte Piauiense,Carnaubais,3014,0.0,7.05,22.08,79.72,-2.29,21.31
220207,Cajazeiras do Piauí,Sudeste Piauiense,Vale Do Canindè,3586,0.0,6.43,23.15,78.84,-1.92,21.3
220552,Júlio Borges,Sudoeste Piauiense,Chapada Das Mangabeiras,5653,0.0,7.17,25.13,77.86,-3.76,21.28
221093,Sussuapara,Sudeste Piauiense,Vale Do Rio Guaribas,6801,0.0,6.76,26.82,79.14,-6.35,21.27
220117,Barra D'Alcântara,Centro Norte Piauiense,Vale Do Sambito,3953,0.0,3.18,24.76,80.8,-2.51,21.25
220345,Dom Inocêncio,Sudoeste Piauiense,Serra Da Capivara,9574,0.0,7.5,23.72,79.02,-3.99,21.25
220915,Santa Cruz dos Milagres,Centro Norte Piauiense,Vale Do Sambito,4046,0.0,5.26,23.99,78.23,-1.7,21.16
220027,Alegrete do Piauí,Sudeste Piauiense,Vale Do Rio Guaribas,4921,0.0,5.69,25.71,76.68,-2.51,21.11
220559,Lagoa do Sítio,Centro Norte Piauiense,Vale Do Sambito,5219,0.0,8.29,22.71,78.55,-4.06,21.1
220342,Domingos Mourão,Centro Norte Piauiense,Cocais,4352,0.0,4.15,23.0,79.76,-1.48,21.09
220672,Nazária,Centro Norte Piauiense,Entre Rios,8632,0.0,6.22,27.21,77.75,-6.27,20.98
220340,Dom Expedito Lopes,Sudeste Piauiense,Vale Do Rio Guaribas,6940,0.0,6.14,27.53,74.48,-3.32,20.97
220855,Porto Alegre do Piauí,Sudoeste Piauiense,Vale Dos Rios Piauì E Itaueiras,2728,3.57,3.92,23.23,75.11,-1.18,20.93
220995,São João da Varjota,Sudeste Piauiense,Vale Do Canindè,4856,0.0,6.28,23.32,77.72,-2.73,20.92
220208,Cajueiro da Praia,Norte Piauiense,Planície Litorânea,7704,0.0,6.82,25.6,75.92,-3.91,20.89
220551,Juazeiro do Piauí,Centro Norte Piauiense,Carnaubais,5491,0.0,5.38,24.3,77.31,-2.58,20.88
221039,São Miguel do Fidalgo,Sudoeste Piauiense,Vale Dos Rios Piauì E Itaueiras,3037,0.0,4.78,22.1,79.32,-1.99,20.84
220271,Cocal de Telha,Centro Norte Piauiense,Carnaubais,4908,0.0,4.74,23.95,79.29,-3.76,20.84
220865,Queimada Nova,Sudeste Piauiense,Vale Do Rio Guaribas,9041,0.0,8.91,23.48,76.28,-4.72,20.79
220755,Paquetá,Sudeste Piauiense,Vale Do Rio Guaribas,3931,0.0,5.08,22.03,78.37,-1.55,20.79
221150,Vera Mendes,Sudeste Piauiense,Vale Do Rio Guaribas,3082,0.0,4.66,21.42,79.76,-1.92,20.78
220435,Geminiano,Sudeste Piauiense,Vale Do Rio Guaribas,5477,0.0,6.15,24.26,76.52,-3.1,20.77
221160,Vila Nova do Piauí,Sudeste Piauiense,Vale Do Rio Guaribas,2935,0.0,5.69,24.54,74.65,-1.18,20.74
221062,Sebastião Barros,Sudoeste Piauiense,Chapada Das Mangabeiras,3434,0.0,6.14,22.87,75.57,-0.89,20.74
220245,Capitão Gervásio Oliveira,Sudeste Piauiense,Serra Da Capivara,4127,0.0,5.19,22.93,77.22,-1.85,20.7
220273,Coivaras,Centro Norte Piauiense,Entre Rios,4044,0.0,4.24,23.71,78.51,-3.03,20.69
220205,Cabeceiras do Piauí,Norte Piauiense,Carnaubais,10671,0.0,6.73,25.55,76.68,-5.98,20.6
220535,João Costa,Sudeste Piauiense,Serra Da Capivara,3003,0.0,5.27,25.71,73.8,-1.92,20.57
220558,Lagoa do Piauí,Centro Norte Piauiense,Entre Rios,4086,0.0,4.47,26.04,74.85,-2.51,20.57
220198,Brejo do Piauí,Sudoeste Piauiense,Vale Dos Rios Piauì E Itaueiras,3824,0.0,4.84,21.54,77.81,-1.4,20.56
220213,Campo Grande do Piauí,Sudeste Piauiense,Vale Do Rio Guaribas,5987,0.0,6.15,24.83,74.25,-2.66,20.51
220157,Belém do Piauí,Sudeste Piauiense,Vale Do Rio Guaribas,3607,0.0,4.13,23.91,76.09,-1.85,20.46
220415,Francisco Macedo,Sudeste Piauiense,Vale Do Rio Guaribas,3216,0.0,4.08,24.24,74.99,-1.03,20.46
220955,São Braz do Piauí,Sudoeste Piauiense,Serra Da Capivara,4454,0.0,3.91,24.65,78.1,-4.43,20.45
220045,Alvorada do Gurguéia,Sudoeste Piauiense,Chapada Das Mangabeiras,5469,0.0,6.24,24.96,74.09,-3.03,20.45
220285,Coronel José Dias,Sudoeste Piauiense,Serra Da Capivara,4688,0.0,4.71,22.67,79.28,-4.5,20.43
220785,Pavussu,Sudoeste Piauiense,Vale Dos Rios Piauì E Itaueiras,3662,0.0,3.55,21.93,78.27,-1.92,20.37
220325,Curralinhos,Centro Norte Piauiense,Entre Rios,4475,0.0,4.27,23.31,77.15,-3.03,20.34
221005,São José do Divino,Norte Piauiense,Cocais,5361,0.0,7.69,24.74,71.13,-2.07,20.3
220253,Caraúbas do Piauí,Norte Piauiense,Planície Litorânea,5910,0.0,6.6,22.09,76.0,-3.25,20.29
220105,Assunção do Piauí,Centro Norte Piauiense,Carnaubais,7879,0.0,7.37,21.1,76.4,-3.54,20.27
220997,São João do Arraial,Norte Piauiense,Cocais,8085,0.0,7.44,24.41,76.36,-6.86,20.27
220155,Bela Vista do Piauí,Sudeste Piauiense,Vale Do Canindè,4044,0.0,5.09,24.39,73.82,-2.07,20.25
220177,Boa Hora,Norte Piauiense,Carnaubais,6848,0.0,4.27,25.26,75.84,-4.21,20.23
220775,Passagem Franca do Piauí,Centro Norte Piauiense,Entre Rios,4331,0.0,4.48,23.42,75.03,-1.92,20.2
220975,São Gonçalo do Gurguéia,Sudoeste Piauiense,Chapada Das Mangabeiras,3071,0.0,2.53,24.83,74.58,-1.11,20.17
220930,Santa Luz,Sudoeste Piauiense,Chapada Das Mangabeiras,5903,0.0,4.85,24.58,76.03,-4.72,20.15
220255,Caridade do Piauí,Sudeste Piauiense,Vale Do Rio Guaribas,5102,0.0,6.31,23.21,74.25,-3.17,20.12
220669,Murici dos Portelas,Norte Piauiense,Planície Litorânea,9258,0.0,6.14,23.56,74.67,-3.99,20.08
220665,Morro Cabeça no Tempo,Sudoeste Piauiense,Chapada Das Mangabeiras,4527,0.0,4.74,22.07,75.97,-2.36,20.08
220793,Pedro Laurentino,Sudeste Piauiense,Vale Dos Rios Piauì E Itaueiras,2551,0.0,5.29,23.25,72.99,-1.33,20.04
220515,Jacobina do Piauí,Sudeste Piauiense,Vale Do Rio Guaribas,5718,0.0,7.54,22.78,72.25,-2.73,19.97
220795,Nova Santa Rita,Sudeste Piauiense,Vale Dos Rios Piauì E Itaueiras,4392,0.0,5.13,23.23,74.32,-2.88,19.96
220885,Riacho Frio,Sudoeste Piauiense,Chapada Das Mangabeiras,4306,0.0,5.73,22.61,72.52,-1.18,19.94
220192,Bonfim do Piauí,Sudoeste Piauiense,Serra Da Capivara,5700,0.0,3.81,23.72,76.64,-4.65,19.9
220211,Campo Alegre do Fidalgo,Sudeste Piauiense,Serra Da Capivara,5093,0.0,5.72,22.76,72.67,-2.07,19.82
220217,Campo Largo do Piauí,Norte Piauiense,Cocais,7342,0.0,7.29,22.8,73.19,-4.21,19.81
220667,Morro do Chapéu do Piauí,Norte Piauiense,Cocais,6825,0.0,4.99,24.28,74.55,-5.09,19.75
220635,Milton Brandão,Centro Norte Piauiense,Cocais,6603,0.0,6.27,21.54,75.76,-4.8,19.75
221095,Tamboril do Piauí,Sudoeste Piauiense,Vale Dos Rios Piauì E Itaueiras,2939,0.0,4.32,20.92,74.82,-1.33,19.75
220965,São Francisco de Assis do Piauí,Sudeste Piauiense,Vale Do Canindè,5801,0.0,5.57,20.81,74.44,-2.58,19.65
221135,Várzea Branca,Sudoeste Piauiense,Serra Da Capivara,4930,0.0,4.73,23.6,74.29,-4.5,19.62
220005,Acauã,Sudeste Piauiense,Vale Do Rio Guaribas,7119,0.0,5.12,22.5,75.23,-5.09,19.55
220173,Betânia do Piauí,Sudeste Piauiense,Vale Do Rio Guaribas,6214,0.0,5.76,21.45,74.76,-4.58,19.48
220272,Cocal dos Alves,Norte Piauiense,Planície Litorânea,6180,0.0,4.69,22.05,73.66,-3.47,19.39
220327,Curral Novo do Piauí,Sudeste Piauiense,Vale Do Rio Guaribas,5390,0.0,4.78,23.07,72.71,-4.06,19.3
220265,Caxingó,Norte Piauiense,Planície Litorânea,5477,0.0,5.95,21.28,72.78,-3.91,19.22
220455,Guaribas,Sudoeste Piauiense,Serra Da Capivara,4573,0.0,4.88,21.2,69.93,-4.28,18.35
